Workbook

Sheet DASHBOARD
A1: 📊 ENGLISH CLASS MANAGEMENT — DASHBOARD
A2: All metrics auto-calculate from STUDENTS, ENROLLMENTS & ATTENDANCE_LOG. Yellow cells = inputs you can change.
A4: ▎ SECTION 1 — OVERVIEW
A5: ACTIVE STUDENTS | C5: OVERALL ATTENDANCE RATE | E5: AT RISK | G5: POSSIBLY DROPPED
A6: =COUNTIF(STUDENTS!E:E,"Active") -> 158 | C6: =IFERROR(COUNTIF(ATTENDANCE_LOG!G:G,"Present")/(COUNTIF(ATTENDANCE_LOG!G:G,"Present")+COUNTIF(ATTENDANCE_LOG!G:G,"Absent")),0) -> 0.86467262 | E6: =COUNTIF(#REF!,"⚠ At Risk") -> #REF! | G6: =COUNTIF(STUDENTS!L:L,"⚠ Possibly Dropped") -> 0
A7: =" out of "&(COUNTIF(STUDENTS!E:E,"Active")+COUNTIF(STUDENTS!E:E,"Inactive")+COUNTIF(STUDENTS!E:E,"Waiting for class"))&" total" -> out of 304 total | C7: =COUNTIF(ATTENDANCE_LOG!G:G,"Present")&" / "&(COUNTIF(ATTENDANCE_LOG!G:G,"Present")+COUNTIF(ATTENDANCE_LOG!G:G,"Absent"))&" sessions" -> 4741 / 5483 sessions | E7: flagged for follow-up | G7: inactive > 30 days
A8: INACTIVE | C8: WAITING FOR CLASS
A9: =COUNTIF(STUDENTS!E:E,"Inactive") -> 133 | C9: =COUNTIF(STUDENTS!E:E,"Waiting for class") -> 13
A10: completed or stopped | C10: pending placement
A12: ▎ SECTION 2 — ACTIVE STUDENTS BY COURSE | J12: 304 | K12: =J12/1200 -> 0.25333333
A13: Course Name | B13: Active | C13: Inactive | D13: Waiting | E13: Total | F13: % of Active | G13: Bar | J13: 105 | K13: =J13/1200 -> 0.0875
A14: Communication 1 | B14: =COUNTIFS(STUDENTS!G:G,A14,STUDENTS!E:E,"Active") -> 0 | C14: =COUNTIFS(STUDENTS!G:G,A14,STUDENTS!E:E,"Inactive") -> 0 | D14: =COUNTIFS(STUDENTS!G:G,A14,STUDENTS!E:E,"Waiting for class") -> 0 | E14: =B14+C14+D14 -> 0 | F14: =IFERROR(B14/$B$20,0) -> 0 | G14: =IF($B$20=0,"",REPT("█",ROUND(B14/MAX($B$14:$B$19)*20,0))) | J14: =J12-J13 -> 199 | K14: =J14/1200 -> 0.16583333
A15: Communication 2 | B15: =COUNTIFS(STUDENTS!G:G,A15,STUDENTS!E:E,"Active") -> 0 | C15: =COUNTIFS(STUDENTS!G:G,A15,STUDENTS!E:E,"Inactive") -> 0 | D15: =COUNTIFS(STUDENTS!G:G,A15,STUDENTS!E:E,"Waiting for class") -> 0 | E15: =B15+C15+D15 -> 0 | F15: =IFERROR(B15/$B$20,0) -> 0 | G15: =IF($B$20=0,"",REPT("█",ROUND(B15/MAX($B$14:$B$19)*20,0)))
A16: Communication 3 | B16: =COUNTIFS(STUDENTS!G:G,A16,STUDENTS!E:E,"Active") -> 0 | C16: =COUNTIFS(STUDENTS!G:G,A16,STUDENTS!E:E,"Inactive") -> 0 | D16: =COUNTIFS(STUDENTS!G:G,A16,STUDENTS!E:E,"Waiting for class") -> 0 | E16: =B16+C16+D16 -> 0 | F16: =IFERROR(B16/$B$20,0) -> 0 | G16: =IF($B$20=0,"",REPT("█",ROUND(B16/MAX($B$14:$B$19)*20,0)))
A17: Business English | B17: =COUNTIFS(STUDENTS!G:G,A17,STUDENTS!E:E,"Active") -> 0 | C17: =COUNTIFS(STUDENTS!G:G,A17,STUDENTS!E:E,"Inactive") -> 0 | D17: =COUNTIFS(STUDENTS!G:G,A17,STUDENTS!E:E,"Waiting for class") -> 0 | E17: =B17+C17+D17 -> 0 | F17: =IFERROR(B17/$B$20,0) -> 0 | G17: =IF($B$20=0,"",REPT("█",ROUND(B17/MAX($B$14:$B$19)*20,0)))
A18: Foundation | B18: =COUNTIFS(STUDENTS!G:G,A18,STUDENTS!E:E,"Active") -> 0 | C18: =COUNTIFS(STUDENTS!G:G,A18,STUDENTS!E:E,"Inactive") -> 0 | D18: =COUNTIFS(STUDENTS!G:G,A18,STUDENTS!E:E,"Waiting for class") -> 0 | E18: =B18+C18+D18 -> 0 | F18: =IFERROR(B18/$B$20,0) -> 0 | G18: =IF($B$20=0,"",REPT("█",ROUND(B18/MAX($B$14:$B$19)*20,0)))
A19: Extension of Foundation | B19: =COUNTIFS(STUDENTS!G:G,A19,STUDENTS!E:E,"Active") -> 0 | C19: =COUNTIFS(STUDENTS!G:G,A19,STUDENTS!E:E,"Inactive") -> 0 | D19: =COUNTIFS(STUDENTS!G:G,A19,STUDENTS!E:E,"Waiting for class") -> 0 | E19: =B19+C19+D19 -> 0 | F19: =IFERROR(B19/$B$20,0) -> 0 | G19: =IF($B$20=0,"",REPT("█",ROUND(B19/MAX($B$14:$B$19)*20,0)))
A20: TOTAL | B20: =SUM(B14:B19) -> 0 | C20: =SUM(C14:C19) -> 0 | D20: =SUM(D14:D19) -> 0 | E20: =SUM(E14:E19) -> 0 | F20: =IFERROR(B20/E20,0) -> 0
A22: ▎ SECTION 3 — WHY STUDENTS GO INACTIVE
A23: Drop Reason | B23: Count | C23: % | E23: Inactive Classification | F23: Count | G23: %
A24: High workload | B24: =COUNTIF(STUDENTS!N:N,A24) -> 101 | C24: =IFERROR(B24/SUM($B$24:$B$29),0) -> 0.56424581 | E24: Completed (no continuation) | F24: =COUNTIF(STUDENTS!M:M,E24) -> 95 | G24: =IFERROR(F24/SUM($F$24:$F$27),0) -> 0.53072626
A25: Prefer different learning format | B25: =COUNTIF(STUDENTS!N:N,A25) -> 21 | C25: =IFERROR(B25/SUM($B$24:$B$29),0) -> 0.11731844 | E25: Discontinued mid-course | F25: =COUNTIF(STUDENTS!M:M,E25) -> 82 | G25: =IFERROR(F25/SUM($F$24:$F$27),0) -> 0.45810056
A26: Learning goal achieved | B26: =COUNTIF(STUDENTS!N:N,A26) -> 33 | C26: =IFERROR(B26/SUM($B$24:$B$29),0) -> 0.18435754 | E26: Business EL, chờ xếp lớp | F26: =COUNTIF(STUDENTS!M:M,E26) -> 1 | G26: =IFERROR(F26/SUM($F$24:$F$27),0) -> 0.0055865922
A27: Team restructuring | B27: =COUNTIF(STUDENTS!N:N,A27) -> 5 | C27: =IFERROR(B27/SUM($B$24:$B$29),0) -> 0.027932961 | E27: BE, chờ xếp lớp | F27: =COUNTIF(STUDENTS!M:M,E27) -> 1 | G27: =IFERROR(F27/SUM($F$24:$F$27),0) -> 0.0055865922
A28: Maternity leave | B28: =COUNTIF(STUDENTS!N:N,A28) -> 3 | C28: =IFERROR(B28/SUM($B$24:$B$29),0) -> 0.016759777
A29: Resign | B29: =COUNTIF(STUDENTS!N:N,A29) -> 16 | C29: =IFERROR(B29/SUM($B$24:$B$29),0) -> 0.089385475
A30: TOTAL | B30: =SUM(B24:B29) -> 179 | C30: =SUM(C24:D29) -> 1 | E30: TOTAL | F30: =SUM(F24:F28) -> 179
A32: ▎ SECTION 4 — CLASS PROGRESS
A33: Class Code | B33: Course Name | C33: PIC | D33: Sessions Done | E33: Expected | F33: Progress % | G33: Progress Bar | H33: Status
A34: EL001 | B34: Business English | C34: =IFERROR(VLOOKUP(A34,PIC!A:B,2,0),"") -> Anh Vu | D34: =IFERROR(_xludf.MAXIFS(ATTENDANCE_LOG!E:E,ATTENDANCE_LOG!A:A,A34,ATTENDANCE_LOG!B:B,B34),0) -> 0 | E34: =IFERROR(VLOOKUP(B34,COURSE_PLAN!A:B,2,0),0) -> 16 | F34: =IFERROR(MIN(D34/E34,1),0) -> 0 | G34: =IF(E34=0,"—",REPT("█",ROUND(F34*20,0))&REPT("░",20-ROUND(F34*20,0))) -> ░░░░░░░░░░░░░░░░░░░░ | H34: =IF(E34=0,"No plan",IF(F34>=1,"✅ Done",IF(F34>=0.75,"🟢 Almost",IF(F34>=0.25,"🔄 In progress",IF(F34>0,"🟡 Just started","⚪ Not started"))))) -> ⚪ Not started
A35: EL001 | B35: Communication 1 | C35: =IFERROR(VLOOKUP(A35,PIC!A:B,2,0),"") -> Anh Vu | D35: =IFERROR(_xludf.MAXIFS(ATTENDANCE_LOG!E:E,ATTENDANCE_LOG!A:A,A35,ATTENDANCE_LOG!B:B,B35),0) -> 0 | E35: =IFERROR(VLOOKUP(B35,COURSE_PLAN!A:B,2,0),0) -> 10 | F35: =IFERROR(MIN(D35/E35,1),0) -> 0 | G35: =IF(E35=0,"—",REPT("█",ROUND(F35*20,0))&REPT("░",20-ROUND(F35*20,0))) -> ░░░░░░░░░░░░░░░░░░░░ | H35: =IF(E35=0,"No plan",IF(F35>=1,"✅ Done",IF(F35>=0.75,"🟢 Almost",IF(F35>=0.25,"🔄 In progress",IF(F35>0,"🟡 Just started","⚪ Not started"))))) -> ⚪ Not started
A36: EL001 | B36: Communication 2 | C36: =IFERROR(VLOOKUP(A36,PIC!A:B,2,0),"") -> Anh Vu | D36: =IFERROR(_xludf.MAXIFS(ATTENDANCE_LOG!E:E,ATTENDANCE_LOG!A:A,A36,ATTENDANCE_LOG!B:B,B36),0) -> 0 | E36: =IFERROR(VLOOKUP(B36,COURSE_PLAN!A:B,2,0),0) -> 16 | F36: =IFERROR(MIN(D36/E36,1),0) -> 0 | G36: =IF(E36=0,"—",REPT("█",ROUND(F36*20,0))&REPT("░",20-ROUND(F36*20,0))) -> ░░░░░░░░░░░░░░░░░░░░ | H36: =IF(E36=0,"No plan",IF(F36>=1,"✅ Done",IF(F36>=0.75,"🟢 Almost",IF(F36>=0.25,"🔄 In progress",IF(F36>0,"🟡 Just started","⚪ Not started"))))) -> ⚪ Not started
A37: EL002 | B37: Communication 1 | C37: =IFERROR(VLOOKUP(A37,PIC!A:B,2,0),"") -> Buu Do 1 | D37: =IFERROR(_xludf.MAXIFS(ATTENDANCE_LOG!E:E,ATTENDANCE_LOG!A:A,A37,ATTENDANCE_LOG!B:B,B37),0) -> 0 | E37: =IFERROR(VLOOKUP(B37,COURSE_PLAN!A:B,2,0),0) -> 10 | F37: =IFERROR(MIN(D37/E37,1),0) -> 0 | G37: =IF(E37=0,"—",REPT("█",ROUND(F37*20,0))&REPT("░",20-ROUND(F37*20,0))) -> ░░░░░░░░░░░░░░░░░░░░ | H37: =IF(E37=0,"No plan",IF(F37>=1,"✅ Done",IF(F37>=0.75,"🟢 Almost",IF(F37>=0.25,"🔄 In progress",IF(F37>0,"🟡 Just started","⚪ Not started"))))) -> ⚪ Not started
A38: EL003 | B38: Communication 1 | C38: =IFERROR(VLOOKUP(A38,PIC!A:B,2,0),"") -> Buu Do 2 | D38: =IFERROR(_xludf.MAXIFS(ATTENDANCE_LOG!E:E,ATTENDANCE_LOG!A:A,A38,ATTENDANCE_LOG!B:B,B38),0) -> 0 | E38: =IFERROR(VLOOKUP(B38,COURSE_PLAN!A:B,2,0),0) -> 10 | F38: =IFERROR(MIN(D38/E38,1),0) -> 0 | G38: =IF(E38=0,"—",REPT("█",ROUND(F38*20,0))&REPT("░",20-ROUND(F38*20,0))) -> ░░░░░░░░░░░░░░░░░░░░ | H38: =IF(E38=0,"No plan",IF(F38>=1,"✅ Done",IF(F38>=0.75,"🟢 Almost",IF(F38>=0.25,"🔄 In progress",IF(F38>0,"🟡 Just started","⚪ Not started"))))) -> ⚪ Not started
A39: EL004 | B39: Communication 1 | C39: =IFERROR(VLOOKUP(A39,PIC!A:B,2,0),"") -> Cuong Nguyen | D39: =IFERROR(_xludf.MAXIFS(ATTENDANCE_LOG!E:E,ATTENDANCE_LOG!A:A,A39,ATTENDANCE_LOG!B:B,B39),0) -> 0 | E39: =IFERROR(VLOOKUP(B39,COURSE_PLAN!A:B,2,0),0) -> 10 | F39: =IFERROR(MIN(D39/E39,1),0) -> 0 | G39: =IF(E39=0,"—",REPT("█",ROUND(F39*20,0))&REPT("░",20-ROUND(F39*20,0))) -> ░░░░░░░░░░░░░░░░░░░░ | H39: =IF(E39=0,"No plan",IF(F39>=1,"✅ Done",IF(F39>=0.75,"🟢 Almost",IF(F39>=0.25,"🔄 In progress",IF(F39>0,"🟡 Just started","⚪ Not started"))))) -> ⚪ Not started
A40: EL004 | B40: Communication 2 | C40: =IFERROR(VLOOKUP(A40,PIC!A:B,2,0),"") -> Cuong Nguyen | D40: =IFERROR(_xludf.MAXIFS(ATTENDANCE_LOG!E:E,ATTENDANCE_LOG!A:A,A40,ATTENDANCE_LOG!B:B,B40),0) -> 0 | E40: =IFERROR(VLOOKUP(B40,COURSE_PLAN!A:B,2,0),0) -> 16 | F40: =IFERROR(MIN(D40/E40,1),0) -> 0 | G40: =IF(E40=0,"—",REPT("█",ROUND(F40*20,0))&REPT("░",20-ROUND(F40*20,0))) -> ░░░░░░░░░░░░░░░░░░░░ | H40: =IF(E40=0,"No plan",IF(F40>=1,"✅ Done",IF(F40>=0.75,"🟢 Almost",IF(F40>=0.25,"🔄 In progress",IF(F40>0,"🟡 Just started","⚪ Not started"))))) -> ⚪ Not started
A41: EL005 | B41: Communication 1 | C41: =IFERROR(VLOOKUP(A41,PIC!A:B,2,0),"") -> Duc Nguyen | D41: =IFERROR(_xludf.MAXIFS(ATTENDANCE_LOG!E:E,ATTENDANCE_LOG!A:A,A41,ATTENDANCE_LOG!B:B,B41),0) -> 0 | E41: =IFERROR(VLOOKUP(B41,COURSE_PLAN!A:B,2,0),0) -> 10 | F41: =IFERROR(MIN(D41/E41,1),0) -> 0 | G41: =IF(E41=0,"—",REPT("█",ROUND(F41*20,0))&REPT("░",20-ROUND(F41*20,0))) -> ░░░░░░░░░░░░░░░░░░░░ | H41: =IF(E41=0,"No plan",IF(F41>=1,"✅ Done",IF(F41>=0.75,"🟢 Almost",IF(F41>=0.25,"🔄 In progress",IF(F41>0,"🟡 Just started","⚪ Not started"))))) -> ⚪ Not started
A42: EL006 | B42: Communication 1 | C42: =IFERROR(VLOOKUP(A42,PIC!A:B,2,0),"") -> Dat Nguyen | D42: =IFERROR(_xludf.MAXIFS(ATTENDANCE_LOG!E:E,ATTENDANCE_LOG!A:A,A42,ATTENDANCE_LOG!B:B,B42),0) -> 0 | E42: =IFERROR(VLOOKUP(B42,COURSE_PLAN!A:B,2,0),0) -> 10 | F42: =IFERROR(MIN(D42/E42,1),0) -> 0 | G42: =IF(E42=0,"—",REPT("█",ROUND(F42*20,0))&REPT("░",20-ROUND(F42*20,0))) -> ░░░░░░░░░░░░░░░░░░░░ | H42: =IF(E42=0,"No plan",IF(F42>=1,"✅ Done",IF(F42>=0.75,"🟢 Almost",IF(F42>=0.25,"🔄 In progress",IF(F42>0,"🟡 Just started","⚪ Not started"))))) -> ⚪ Not started
A43: EL007 | B43: Communication 1 | C43: =IFERROR(VLOOKUP(A43,PIC!A:B,2,0),"") -> Nhat Nguyen | D43: =IFERROR(_xludf.MAXIFS(ATTENDANCE_LOG!E:E,ATTENDANCE_LOG!A:A,A43,ATTENDANCE_LOG!B:B,B43),0) -> 0 | E43: =IFERROR(VLOOKUP(B43,COURSE_PLAN!A:B,2,0),0) -> 10 | F43: =IFERROR(MIN(D43/E43,1),0) -> 0 | G43: =IF(E43=0,"—",REPT("█",ROUND(F43*20,0))&REPT("░",20-ROUND(F43*20,0))) -> ░░░░░░░░░░░░░░░░░░░░ | H43: =IF(E43=0,"No plan",IF(F43>=1,"✅ Done",IF(F43>=0.75,"🟢 Almost",IF(F43>=0.25,"🔄 In progress",IF(F43>0,"🟡 Just started","⚪ Not started"))))) -> ⚪ Not started
A44: EL007 | B44: Communication 2 | C44: =IFERROR(VLOOKUP(A44,PIC!A:B,2,0),"") -> Nhat Nguyen | D44: =IFERROR(_xludf.MAXIFS(ATTENDANCE_LOG!E:E,ATTENDANCE_LOG!A:A,A44,ATTENDANCE_LOG!B:B,B44),0) -> 0 | E44: =IFERROR(VLOOKUP(B44,COURSE_PLAN!A:B,2,0),0) -> 16 | F44: =IFERROR(MIN(D44/E44,1),0) -> 0 | G44: =IF(E44=0,"—",REPT("█",ROUND(F44*20,0))&REPT("░",20-ROUND(F44*20,0))) -> ░░░░░░░░░░░░░░░░░░░░ | H44: =IF(E44=0,"No plan",IF(F44>=1,"✅ Done",IF(F44>=0.75,"🟢 Almost",IF(F44>=0.25,"🔄 In progress",IF(F44>0,"🟡 Just started","⚪ Not started"))))) -> ⚪ Not started
A45: EL008 | B45: Communication 1 | C45: =IFERROR(VLOOKUP(A45,PIC!A:B,2,0),"") -> Hung Nguyen | D45: =IFERROR(_xludf.MAXIFS(ATTENDANCE_LOG!E:E,ATTENDANCE_LOG!A:A,A45,ATTENDANCE_LOG!B:B,B45),0) -> 0 | E45: =IFERROR(VLOOKUP(B45,COURSE_PLAN!A:B,2,0),0) -> 10 | F45: =IFERROR(MIN(D45/E45,1),0) -> 0 | G45: =IF(E45=0,"—",REPT("█",ROUND(F45*20,0))&REPT("░",20-ROUND(F45*20,0))) -> ░░░░░░░░░░░░░░░░░░░░ | H45: =IF(E45=0,"No plan",IF(F45>=1,"✅ Done",IF(F45>=0.75,"🟢 Almost",IF(F45>=0.25,"🔄 In progress",IF(F45>0,"🟡 Just started","⚪ Not started"))))) -> ⚪ Not started
... A111: EL051 | B111: Communication 1 | C111: =IFERROR(VLOOKUP(A111,PIC!A:B,2,0),"") -> Trang Nguyen | D111: =IFERROR(_xludf.MAXIFS(ATTENDANCE_LOG!E:E,ATTENDANCE_LOG!A:A,A111,ATTENDANCE_LOG!B:B,B111),0) -> 0 | E111: =IFERROR(VLOOKUP(B111,COURSE_PLAN!A:B,2,0),0) -> 10 | F111: =IFERROR(MIN(D111/E111,1),0) -> 0 | G111: =IF(E111=0,"—",REPT("█",ROUND(F111*20,0))&REPT("░",20-ROUND(F111*20,0))) -> ░░░░░░░░░░░░░░░░░░░░ | H111: =IF(E111=0,"No plan",IF(F111>=1,"✅ Done",IF(F111>=0.75,"🟢 Almost",IF(F111>=0.25,"🔄 In progress",IF(F111>0,"🟡 Just started","⚪ Not started"))))) -> ⚪ Not started
A113: ▎ SECTION 5 — LOOK UP A CLASS
A114: Enter Class Code → | B114: EL001
A115: PIC | B115: =IFERROR(VLOOKUP($B$114,PIC!A:B,2,0),"Not found") -> Anh Vu
A116: Total Enrollments | B116: =COUNTIF(sheet2!C:C,$B$114) -> 15
A117: Sessions Logged | B117: =COUNTIF(ATTENDANCE_LOG!A:A,$B$114) -> 168
A118: Sessions Present | B118: =COUNTIFS(ATTENDANCE_LOG!A:A,$B$114,ATTENDANCE_LOG!G:G,"Present") -> 164
A119: Sessions Absent | B119: =COUNTIFS(ATTENDANCE_LOG!A:A,$B$114,ATTENDANCE_LOG!G:G,"Absent") -> 4
A120: Class Attendance Rate | B120: =IFERROR(COUNTIFS(ATTENDANCE_LOG!A:A,$B$114,ATTENDANCE_LOG!G:G,"Present")/(COUNTIFS(ATTENDANCE_LOG!A:A,$B$114,ATTENDANCE_LOG!G:G,"Present")+COUNTIFS(ATTENDANCE_LOG!A:A,$B$114,ATTENDANCE_LOG!G:G,"Absent")),0) -> 0.97619048
A122: ▎ SECTION 6 — LOOK UP A STUDENT
A123: Enter Emp Code → | B123: 227047
A124: Full Name | B124: =IFERROR(VLOOKUP($B$123&"",STUDENTS!A:B,2,0),"Not found") -> LÊ THANH SƠN
A125: Status | B125: =IFERROR(VLOOKUP($B$123&"",STUDENTS!A:E,5,0),"") -> Active
A126: PIC | B126: =IFERROR(VLOOKUP($B$123&"",STUDENTS!A:F,6,0),"")
A127: Current Course | B127: =IFERROR(VLOOKUP($B$123&"",STUDENTS!A:G,7,0),"")
A128: Last Active Date | B128: =IFERROR(VLOOKUP($B$123&"",STUDENTS!A:J,10,0),"")
A129: Days Since Active | B129: =IFERROR(VLOOKUP($B$123&"",STUDENTS!A:K,11,0),"")
A130: Drop Flag | B130: =IFERROR(VLOOKUP($B$123&"",STUDENTS!A:L,12,0),"")
A131: At Risk Flag | B131: =IFERROR(VLOOKUP($B$123&"",STUDENTS!A:L,13,0),"")
A132: Total Enrollments | B132: =COUNTIF(sheet2!A:A,$B$123&"") -> 3
A133: Sessions Attended | B133: =COUNTIFS(ATTENDANCE_LOG!C:C,$B$123&"",ATTENDANCE_LOG!G:G,"Present") -> 33
A134: Sessions Missed | B134: =COUNTIFS(ATTENDANCE_LOG!C:C,$B$123&"",ATTENDANCE_LOG!G:G,"Absent") -> 0
A135: Personal Attendance Rate | B135: =IFERROR(COUNTIFS(ATTENDANCE_LOG!C:C,$B$123&"",ATTENDANCE_LOG!G:G,"Present")/(COUNTIFS(ATTENDANCE_LOG!C:C,$B$123&"",ATTENDANCE_LOG!G:G,"Present")+COUNTIFS(ATTENDANCE_LOG!C:C,$B$123&"",ATTENDANCE_LOG!G:G,"Absent")),0) -> 1

Sheet STUDENTS
A1: Input | B1: Input | E1: Formula | F1: Formula | G1: Formula | J1: Formula | K1: Formula | L1: Formula | M1: Input | N1: Input | R1: 247118 | S1: Left | T1: Resgined | U1: =IFERROR(__xludf.DUMMYFUNCTION("arrayformula(vlookup(to_text(R1),to_text($A$4:$B1002),2,0))"),"#N/A") -> #N/A
A2: Emp Code | B2: Full Name | C2: BU | D2: ROLE | E2: Status | F2: PIC | G2: Current Course | H2: Entrance Level | I2: Current Level | J2: Last Active Date | K2: Days Since Active | L2: Drop Flag (<30 days is safe) | M2: Define of drop (not inc. resign) | N2: Drop reason | O2: Remark
A3: 203746 | B3: BẠCH NAM MINH TRÍ | C3: =IFERROR(__xludf.DUMMYFUNCTION("arrayformula(VLOOKUP(to_Text(A3),to_Text(sheet2!$A$1:M1002),13,0))"),"MOC") -> MOC | D3: =IFERROR(__xludf.DUMMYFUNCTION("arrayformula(VLOOKUP(to_Text(A3),to_Text(sheet2!$A$1:M1002),12,0))"),"DEV") -> DEV | E3: Inactive | F3: {=IFERROR( INDEX(ATTENDANCE_INPUT!D:D, MATCH(1, (ATTENDANCE_INPUT!A:A=A3) * (ATTENDANCE_INPUT!V:V=_xludf.MAXIFS(ATTENDANCE_INPUT!V:V, ATTENDANCE_INPUT!A:A, A3)), 0)), "")} | G3: {=IFERROR( INDEX(ATTENDANCE_INPUT!E:E, MATCH(1, (ATTENDANCE_INPUT!A:A=A3) * (ATTENDANCE_INPUT!V:V=_xludf.MAXIFS(ATTENDANCE_INPUT!V:V, ATTENDANCE_INPUT!A:A, A3)), 0)), "")} | H3: {=IF(ISNA(MATCH(A3,sheet2!A:A,0)),"⏳ Chưa test",IFERROR(INDEX(LEVEL_HELPER!A:A,MATCH(INDEX(sheet2!N:N,MATCH(A3,sheet2!A:A,0)),LEVEL_HELPER!B:B,0)),"⏳ Chưa test"))} -> ⏳ Chưa test | I3: {=IF(ISNA(MATCH(A3,sheet2!A:A,0)),H3,IF(INDEX(sheet2!O:O,MATCH(A3,sheet2!A:A,0))>0,IFERROR(INDEX(LEVEL_HELPER!A:A,MATCH(INDEX(sheet2!O:O,MATCH(A3,sheet2!A:A,0)),LEVEL_HELPER!B:B,0)),H3),H3))} -> ⏳ Chưa test | J3: =IFERROR(_xludf.MAXIFS(ATTENDANCE_LOG!F:F, ATTENDANCE_LOG!C:C, A3&"", ATTENDANCE_LOG!G:G, "Present"), "") | K3: =IF(J3="", "", IFERROR(TODAY()-DATEVALUE(LEFT(J3,10)), "")) | L3: =IF(AND(ISNUMBER(K3), K3>=30), "⚠ Possibly Dropped", "") | M3: Completed (no continuation) | N3: High workload
A4: 213817 | B4: Bui Duy Tan | C4: =IFERROR(__xludf.DUMMYFUNCTION("arrayformula(VLOOKUP(to_Text(A4),to_Text(sheet2!$A$1:M1002),13,0))"),"ONC") -> ONC | D4: =IFERROR(__xludf.DUMMYFUNCTION("arrayformula(VLOOKUP(to_Text(A4),to_Text(sheet2!$A$1:M1002),12,0))"),"QC") -> QC | E4: =IF(L4="⚠ Possibly Dropped","Inactive","Active") -> Active | F4: {=IFERROR( INDEX(ATTENDANCE_INPUT!D:D, MATCH(1, (ATTENDANCE_INPUT!A:A=A4) * (ATTENDANCE_INPUT!V:V=_xludf.MAXIFS(ATTENDANCE_INPUT!V:V, ATTENDANCE_INPUT!A:A, A4)), 0)), "")} | G4: {=IFERROR( INDEX(ATTENDANCE_INPUT!E:E, MATCH(1, (ATTENDANCE_INPUT!A:A=A4) * (ATTENDANCE_INPUT!V:V=_xludf.MAXIFS(ATTENDANCE_INPUT!V:V, ATTENDANCE_INPUT!A:A, A4)), 0)), "")} | H4: {=IF(ISNA(MATCH(A4,sheet2!A:A,0)),"⏳ Chưa test",IFERROR(INDEX(LEVEL_HELPER!A:A,MATCH(INDEX(sheet2!N:N,MATCH(A4,sheet2!A:A,0)),LEVEL_HELPER!B:B,0)),"⏳ Chưa test"))} -> Beginner 2 | I4: {=IF(ISNA(MATCH(A4,sheet2!A:A,0)),H4,IF(INDEX(sheet2!O:O,MATCH(A4,sheet2!A:A,0))>0,IFERROR(INDEX(LEVEL_HELPER!A:A,MATCH(INDEX(sheet2!O:O,MATCH(A4,sheet2!A:A,0)),LEVEL_HELPER!B:B,0)),H4),H4))} -> Beginner 2 | J4: =IFERROR(_xludf.MAXIFS(ATTENDANCE_LOG!F:F, ATTENDANCE_LOG!C:C, A4&"", ATTENDANCE_LOG!G:G, "Present"), "") | K4: =IF(J4="", "", IFERROR(TODAY()-DATEVALUE(LEFT(J4,10)), "")) | L4: =IF(AND(ISNUMBER(K4), K4>=30), "⚠ Possibly Dropped", "")
A5: 247037 | B5: BÙI HUỲNH TRUNG TÍN | C5: =IFERROR(__xludf.DUMMYFUNCTION("arrayformula(VLOOKUP(to_Text(A5),to_Text(sheet2!$A$1:M1002),13,0))"),"CHORUS") -> CHORUS | D5: =IFERROR(__xludf.DUMMYFUNCTION("arrayformula(VLOOKUP(to_Text(A5),to_Text(sheet2!$A$1:M1002),12,0))"),"DEV") -> DEV | E5: Inactive | F5: {=IFERROR( INDEX(ATTENDANCE_INPUT!D:D, MATCH(1, (ATTENDANCE_INPUT!A:A=A5) * (ATTENDANCE_INPUT!V:V=_xludf.MAXIFS(ATTENDANCE_INPUT!V:V, ATTENDANCE_INPUT!A:A, A5)), 0)), "")} | G5: {=IFERROR( INDEX(ATTENDANCE_INPUT!E:E, MATCH(1, (ATTENDANCE_INPUT!A:A=A5) * (ATTENDANCE_INPUT!V:V=_xludf.MAXIFS(ATTENDANCE_INPUT!V:V, ATTENDANCE_INPUT!A:A, A5)), 0)), "")} | H5: {=IF(ISNA(MATCH(A5,sheet2!A:A,0)),"⏳ Chưa test",IFERROR(INDEX(LEVEL_HELPER!A:A,MATCH(INDEX(sheet2!N:N,MATCH(A5,sheet2!A:A,0)),LEVEL_HELPER!B:B,0)),"⏳ Chưa test"))} -> Pre-Intermediate | I5: {=IF(ISNA(MATCH(A5,sheet2!A:A,0)),H5,IF(INDEX(sheet2!O:O,MATCH(A5,sheet2!A:A,0))>0,IFERROR(INDEX(LEVEL_HELPER!A:A,MATCH(INDEX(sheet2!O:O,MATCH(A5,sheet2!A:A,0)),LEVEL_HELPER!B:B,0)),H5),H5))} -> Pre-Intermediate | J5: =IFERROR(_xludf.MAXIFS(ATTENDANCE_LOG!F:F, ATTENDANCE_LOG!C:C, A5&"", ATTENDANCE_LOG!G:G, "Present"), "") | K5: =IF(J5="", "", IFERROR(TODAY()-DATEVALUE(LEFT(J5,10)), "")) | L5: =IF(AND(ISNUMBER(K5), K5>=30), "⚠ Possibly Dropped", "") | M5: Discontinued mid-course | N5: High workload
A6: 212007 | B6: BÙI MINH NHẬT | C6: =IFERROR(__xludf.DUMMYFUNCTION("arrayformula(VLOOKUP(to_Text(A6),to_Text(sheet2!$A$1:M1002),13,0))"),"BSG") -> BSG | D6: =IFERROR(__xludf.DUMMYFUNCTION("arrayformula(VLOOKUP(to_Text(A6),to_Text(sheet2!$A$1:M1002),12,0))"),"HR") -> HR | E6: Inactive | F6: {=IFERROR( INDEX(ATTENDANCE_INPUT!D:D, MATCH(1, (ATTENDANCE_INPUT!A:A=A6) * (ATTENDANCE_INPUT!V:V=_xludf.MAXIFS(ATTENDANCE_INPUT!V:V, ATTENDANCE_INPUT!A:A, A6)), 0)), "")} | G6: {=IFERROR( INDEX(ATTENDANCE_INPUT!E:E, MATCH(1, (ATTENDANCE_INPUT!A:A=A6) * (ATTENDANCE_INPUT!V:V=_xludf.MAXIFS(ATTENDANCE_INPUT!V:V, ATTENDANCE_INPUT!A:A, A6)), 0)), "")} | H6: {=IF(ISNA(MATCH(A6,sheet2!A:A,0)),"⏳ Chưa test",IFERROR(INDEX(LEVEL_HELPER!A:A,MATCH(INDEX(sheet2!N:N,MATCH(A6,sheet2!A:A,0)),LEVEL_HELPER!B:B,0)),"⏳ Chưa test"))} -> Pre-Intermediate | I6: {=IF(ISNA(MATCH(A6,sheet2!A:A,0)),H6,IF(INDEX(sheet2!O:O,MATCH(A6,sheet2!A:A,0))>0,IFERROR(INDEX(LEVEL_HELPER!A:A,MATCH(INDEX(sheet2!O:O,MATCH(A6,sheet2!A:A,0)),LEVEL_HELPER!B:B,0)),H6),H6))} -> Pre-Intermediate | J6: =IFERROR(_xludf.MAXIFS(ATTENDANCE_LOG!F:F, ATTENDANCE_LOG!C:C, A6&"", ATTENDANCE_LOG!G:G, "Present"), "") | K6: =IF(J6="", "", IFERROR(TODAY()-DATEVALUE(LEFT(J6,10)), "")) | L6: =IF(AND(ISNUMBER(K6), K6>=30), "⚠ Possibly Dropped", "") | M6: Completed (no continuation) | N6: Prefer different learning format
A7: 193479 | B7: BÙI NGỌC QUỐC | C7: =IFERROR(__xludf.DUMMYFUNCTION("arrayformula(VLOOKUP(to_Text(A7),to_Text(sheet2!$A$1:M1002),13,0))"),"ONC") -> ONC | D7: =IFERROR(__xludf.DUMMYFUNCTION("arrayformula(VLOOKUP(to_Text(A7),to_Text(sheet2!$A$1:M1002),12,0))"),"DEV") -> DEV | E7: =IF(L7="⚠ Possibly Dropped","Inactive","Active") -> Active | F7: {=IFERROR( INDEX(ATTENDANCE_INPUT!D:D, MATCH(1, (ATTENDANCE_INPUT!A:A=A7) * (ATTENDANCE_INPUT!V:V=_xludf.MAXIFS(ATTENDANCE_INPUT!V:V, ATTENDANCE_INPUT!A:A, A7)), 0)), "")} | G7: {=IFERROR( INDEX(ATTENDANCE_INPUT!E:E, MATCH(1, (ATTENDANCE_INPUT!A:A=A7) * (ATTENDANCE_INPUT!V:V=_xludf.MAXIFS(ATTENDANCE_INPUT!V:V, ATTENDANCE_INPUT!A:A, A7)), 0)), "")} | H7: {=IF(ISNA(MATCH(A7,sheet2!A:A,0)),"⏳ Chưa test",IFERROR(INDEX(LEVEL_HELPER!A:A,MATCH(INDEX(sheet2!N:N,MATCH(A7,sheet2!A:A,0)),LEVEL_HELPER!B:B,0)),"⏳ Chưa test"))} -> Beginner | I7: {=IF(ISNA(MATCH(A7,sheet2!A:A,0)),H7,IF(INDEX(sheet2!O:O,MATCH(A7,sheet2!A:A,0))>0,IFERROR(INDEX(LEVEL_HELPER!A:A,MATCH(INDEX(sheet2!O:O,MATCH(A7,sheet2!A:A,0)),LEVEL_HELPER!B:B,0)),H7),H7))} -> Beginner | J7: =IFERROR(_xludf.MAXIFS(ATTENDANCE_LOG!F:F, ATTENDANCE_LOG!C:C, A7&"", ATTENDANCE_LOG!G:G, "Present"), "") | K7: =IF(J7="", "", IFERROR(TODAY()-DATEVALUE(LEFT(J7,10)), "")) | L7: =IF(AND(ISNUMBER(K7), K7>=30), "⚠ Possibly Dropped", "") | M7: Completed (no continuation) | N7: Learning goal achieved | R7: 247329 | S7: High workload / Can't arrange time | T7: High workload | U7: #N/A
A8: 237226 | B8: CHU KHÁNH LINH | C8: =IFERROR(__xludf.DUMMYFUNCTION("arrayformula(VLOOKUP(to_Text(A8),to_Text(sheet2!$A$1:M1002),13,0))"),"LBU") -> LBU | D8: =IFERROR(__xludf.DUMMYFUNCTION("arrayformula(VLOOKUP(to_Text(A8),to_Text(sheet2!$A$1:M1002),12,0))"),"GSD") -> GSD | E8: =IF(L8="⚠ Possibly Dropped","Inactive","Active") -> Active | F8: {=IFERROR( INDEX(ATTENDANCE_INPUT!D:D, MATCH(1, (ATTENDANCE_INPUT!A:A=A8) * (ATTENDANCE_INPUT!V:V=_xludf.MAXIFS(ATTENDANCE_INPUT!V:V, ATTENDANCE_INPUT!A:A, A8)), 0)), "")} | G8: {=IFERROR( INDEX(ATTENDANCE_INPUT!E:E, MATCH(1, (ATTENDANCE_INPUT!A:A=A8) * (ATTENDANCE_INPUT!V:V=_xludf.MAXIFS(ATTENDANCE_INPUT!V:V, ATTENDANCE_INPUT!A:A, A8)), 0)), "")} | H8: {=IF(ISNA(MATCH(A8,sheet2!A:A,0)),"⏳ Chưa test",IFERROR(INDEX(LEVEL_HELPER!A:A,MATCH(INDEX(sheet2!N:N,MATCH(A8,sheet2!A:A,0)),LEVEL_HELPER!B:B,0)),"⏳ Chưa test"))} -> Beginner | I8: {=IF(ISNA(MATCH(A8,sheet2!A:A,0)),H8,IF(INDEX(sheet2!O:O,MATCH(A8,sheet2!A:A,0))>0,IFERROR(INDEX(LEVEL_HELPER!A:A,MATCH(INDEX(sheet2!O:O,MATCH(A8,sheet2!A:A,0)),LEVEL_HELPER!B:B,0)),H8),H8))} -> Beginner | J8: =IFERROR(_xludf.MAXIFS(ATTENDANCE_LOG!F:F, ATTENDANCE_LOG!C:C, A8&"", ATTENDANCE_LOG!G:G, "Present"), "") | K8: =IF(J8="", "", IFERROR(TODAY()-DATEVALUE(LEFT(J8,10)), "")) | L8: =IF(AND(ISNUMBER(K8), K8>=30), "⚠ Possibly Dropped", "")
A9: 213856 | B9: Chu Thị Lệ Quỳnh | C9: =IFERROR(__xludf.DUMMYFUNCTION("arrayformula(VLOOKUP(to_Text(A9),to_Text(sheet2!$A$1:M1002),13,0))"),"ONC") -> ONC | D9: =IFERROR(__xludf.DUMMYFUNCTION("arrayformula(VLOOKUP(to_Text(A9),to_Text(sheet2!$A$1:M1002),12,0))"),"QC") -> QC | E9: =IF(L9="⚠ Possibly Dropped","Inactive","Active") -> Active | F9: {=IFERROR( INDEX(ATTENDANCE_INPUT!D:D, MATCH(1, (ATTENDANCE_INPUT!A:A=A9) * (ATTENDANCE_INPUT!V:V=_xludf.MAXIFS(ATTENDANCE_INPUT!V:V, ATTENDANCE_INPUT!A:A, A9)), 0)), "")} | G9: {=IFERROR( INDEX(ATTENDANCE_INPUT!E:E, MATCH(1, (ATTENDANCE_INPUT!A:A=A9) * (ATTENDANCE_INPUT!V:V=_xludf.MAXIFS(ATTENDANCE_INPUT!V:V, ATTENDANCE_INPUT!A:A, A9)), 0)), "")} | H9: {=IF(ISNA(MATCH(A9,sheet2!A:A,0)),"⏳ Chưa test",IFERROR(INDEX(LEVEL_HELPER!A:A,MATCH(INDEX(sheet2!N:N,MATCH(A9,sheet2!A:A,0)),LEVEL_HELPER!B:B,0)),"⏳ Chưa test"))} -> Beginner | I9: {=IF(ISNA(MATCH(A9,sheet2!A:A,0)),H9,IF(INDEX(sheet2!O:O,MATCH(A9,sheet2!A:A,0))>0,IFERROR(INDEX(LEVEL_HELPER!A:A,MATCH(INDEX(sheet2!O:O,MATCH(A9,sheet2!A:A,0)),LEVEL_HELPER!B:B,0)),H9),H9))} -> Beginner | J9: =IFERROR(_xludf.MAXIFS(ATTENDANCE_LOG!F:F, ATTENDANCE_LOG!C:C, A9&"", ATTENDANCE_LOG!G:G, "Present"), "") | K9: =IF(J9="", "", IFERROR(TODAY()-DATEVALUE(LEFT(J9,10)), "")) | L9: =IF(AND(ISNUMBER(K9), K9>=30), "⚠ Possibly Dropped", "")
A10: 247423 | B10: CHUNG QUANG PHƯƠNG | C10: =IFERROR(__xludf.DUMMYFUNCTION("arrayformula(VLOOKUP(to_Text(A10),to_Text(sheet2!$A$1:M1002),13,0))"),"MOC") -> MOC | D10: =IFERROR(__xludf.DUMMYFUNCTION("arrayformula(VLOOKUP(to_Text(A10),to_Text(sheet2!$A$1:M1002),12,0))"),"DEV") -> DEV | E10: =IF(L10="⚠ Possibly Dropped","Inactive","Active") -> Active | F10: {=IFERROR( INDEX(ATTENDANCE_INPUT!D:D, MATCH(1, (ATTENDANCE_INPUT!A:A=A10) * (ATTENDANCE_INPUT!V:V=_xludf.MAXIFS(ATTENDANCE_INPUT!V:V, ATTENDANCE_INPUT!A:A, A10)), 0)), "")} | G10: {=IFERROR( INDEX(ATTENDANCE_INPUT!E:E, MATCH(1, (ATTENDANCE_INPUT!A:A=A10) * (ATTENDANCE_INPUT!V:V=_xludf.MAXIFS(ATTENDANCE_INPUT!V:V, ATTENDANCE_INPUT!A:A, A10)), 0)), "")} | H10: {=IF(ISNA(MATCH(A10,sheet2!A:A,0)),"⏳ Chưa test",IFERROR(INDEX(LEVEL_HELPER!A:A,MATCH(INDEX(sheet2!N:N,MATCH(A10,sheet2!A:A,0)),LEVEL_HELPER!B:B,0)),"⏳ Chưa test"))} -> Foundation | I10: {=IF(ISNA(MATCH(A10,sheet2!A:A,0)),H10,IF(INDEX(sheet2!O:O,MATCH(A10,sheet2!A:A,0))>0,IFERROR(INDEX(LEVEL_HELPER!A:A,MATCH(INDEX(sheet2!O:O,MATCH(A10,sheet2!A:A,0)),LEVEL_HELPER!B:B,0)),H10),H10))} -> Foundation | J10: =IFERROR(_xludf.MAXIFS(ATTENDANCE_LOG!F:F, ATTENDANCE_LOG!C:C, A10&"", ATTENDANCE_LOG!G:G, "Present"), "") | K10: =IF(J10="", "", IFERROR(TODAY()-DATEVALUE(LEFT(J10,10)), "")) | L10: =IF(AND(ISNUMBER(K10), K10>=30), "⚠ Possibly Dropped", "")
A11: 213881 | B11: ĐẶNG GIA LỘC | C11: =IFERROR(__xludf.DUMMYFUNCTION("arrayformula(VLOOKUP(to_Text(A11),to_Text(sheet2!$A$1:M1002),13,0))"),"MOC") -> MOC | D11: =IFERROR(__xludf.DUMMYFUNCTION("arrayformula(VLOOKUP(to_Text(A11),to_Text(sheet2!$A$1:M1002),12,0))"),"DEV") -> DEV | E11: =IF(L11="⚠ Possibly Dropped","Inactive","Active") -> Active | F11: {=IFERROR( INDEX(ATTENDANCE_INPUT!D:D, MATCH(1, (ATTENDANCE_INPUT!A:A=A11) * (ATTENDANCE_INPUT!V:V=_xludf.MAXIFS(ATTENDANCE_INPUT!V:V, ATTENDANCE_INPUT!A:A, A11)), 0)), "")} | G11: {=IFERROR( INDEX(ATTENDANCE_INPUT!E:E, MATCH(1, (ATTENDANCE_INPUT!A:A=A11) * (ATTENDANCE_INPUT!V:V=_xludf.MAXIFS(ATTENDANCE_INPUT!V:V, ATTENDANCE_INPUT!A:A, A11)), 0)), "")} | H11: {=IF(ISNA(MATCH(A11,sheet2!A:A,0)),"⏳ Chưa test",IFERROR(INDEX(LEVEL_HELPER!A:A,MATCH(INDEX(sheet2!N:N,MATCH(A11,sheet2!A:A,0)),LEVEL_HELPER!B:B,0)),"⏳ Chưa test"))} -> Foundation | I11: {=IF(ISNA(MATCH(A11,sheet2!A:A,0)),H11,IF(INDEX(sheet2!O:O,MATCH(A11,sheet2!A:A,0))>0,IFERROR(INDEX(LEVEL_HELPER!A:A,MATCH(INDEX(sheet2!O:O,MATCH(A11,sheet2!A:A,0)),LEVEL_HELPER!B:B,0)),H11),H11))} -> Foundation | J11: =IFERROR(_xludf.MAXIFS(ATTENDANCE_LOG!F:F, ATTENDANCE_LOG!C:C, A11&"", ATTENDANCE_LOG!G:G, "Present"), "") | K11: =IF(J11="", "", IFERROR(TODAY()-DATEVALUE(LEFT(J11,10)), "")) | L11: =IF(AND(ISNUMBER(K11), K11>=30), "⚠ Possibly Dropped", "") | M11: Completed (no continuation) | N11: Learning goal achieved
A12: 213811 | B12: ĐẶNG QUỐC MẠNH | C12: =IFERROR(__xludf.DUMMYFUNCTION("arrayformula(VLOOKUP(to_Text(A12),to_Text(sheet2!$A$1:M1002),13,0))"),"ONC") -> ONC | D12: =IFERROR(__xludf.DUMMYFUNCTION("arrayformula(VLOOKUP(to_Text(A12),to_Text(sheet2!$A$1:M1002),12,0))"),"DEV") -> DEV | E12: =IF(L12="⚠ Possibly Dropped","Inactive","Active") -> Active | F12: {=IFERROR( INDEX(ATTENDANCE_INPUT!D:D, MATCH(1, (ATTENDANCE_INPUT!A:A=A12) * (ATTENDANCE_INPUT!V:V=_xludf.MAXIFS(ATTENDANCE_INPUT!V:V, ATTENDANCE_INPUT!A:A, A12)), 0)), "")} | G12: {=IFERROR( INDEX(ATTENDANCE_INPUT!E:E, MATCH(1, (ATTENDANCE_INPUT!A:A=A12) * (ATTENDANCE_INPUT!V:V=_xludf.MAXIFS(ATTENDANCE_INPUT!V:V, ATTENDANCE_INPUT!A:A, A12)), 0)), "")} | H12: {=IF(ISNA(MATCH(A12,sheet2!A:A,0)),"⏳ Chưa test",IFERROR(INDEX(LEVEL_HELPER!A:A,MATCH(INDEX(sheet2!N:N,MATCH(A12,sheet2!A:A,0)),LEVEL_HELPER!B:B,0)),"⏳ Chưa test"))} -> Beginner | I12: {=IF(ISNA(MATCH(A12,sheet2!A:A,0)),H12,IF(INDEX(sheet2!O:O,MATCH(A12,sheet2!A:A,0))>0,IFERROR(INDEX(LEVEL_HELPER!A:A,MATCH(INDEX(sheet2!O:O,MATCH(A12,sheet2!A:A,0)),LEVEL_HELPER!B:B,0)),H12),H12))} -> Beginner | J12: =IFERROR(_xludf.MAXIFS(ATTENDANCE_LOG!F:F, ATTENDANCE_LOG!C:C, A12&"", ATTENDANCE_LOG!G:G, "Present"), "") | K12: =IF(J12="", "", IFERROR(TODAY()-DATEVALUE(LEFT(J12,10)), "")) | L12: =IF(AND(ISNUMBER(K12), K12>=30), "⚠ Possibly Dropped", "") | M12: Completed (no continuation) | N12: Learning goal achieved | R12: 247391 | S12: High workload / Can't arrange time | T12: High workload | U12: #N/A
A13: 227125 | B13: ĐẶNG QUỐC VIỆT | C13: =IFERROR(__xludf.DUMMYFUNCTION("arrayformula(VLOOKUP(to_Text(A13),to_Text(sheet2!$A$1:M1002),13,0))"),"CHORUS") -> CHORUS | D13: =IFERROR(__xludf.DUMMYFUNCTION("arrayformula(VLOOKUP(to_Text(A13),to_Text(sheet2!$A$1:M1002),12,0))"),"QC") -> QC | E13: =IF(L13="⚠ Possibly Dropped","Inactive","Active") -> Active | F13: {=IFERROR( INDEX(ATTENDANCE_INPUT!D:D, MATCH(1, (ATTENDANCE_INPUT!A:A=A13) * (ATTENDANCE_INPUT!V:V=_xludf.MAXIFS(ATTENDANCE_INPUT!V:V, ATTENDANCE_INPUT!A:A, A13)), 0)), "")} | G13: {=IFERROR( INDEX(ATTENDANCE_INPUT!E:E, MATCH(1, (ATTENDANCE_INPUT!A:A=A13) * (ATTENDANCE_INPUT!V:V=_xludf.MAXIFS(ATTENDANCE_INPUT!V:V, ATTENDANCE_INPUT!A:A, A13)), 0)), "")} | H13: {=IF(ISNA(MATCH(A13,sheet2!A:A,0)),"⏳ Chưa test",IFERROR(INDEX(LEVEL_HELPER!A:A,MATCH(INDEX(sheet2!N:N,MATCH(A13,sheet2!A:A,0)),LEVEL_HELPER!B:B,0)),"⏳ Chưa test"))} -> Beginner | I13: {=IF(ISNA(MATCH(A13,sheet2!A:A,0)),H13,IF(INDEX(sheet2!O:O,MATCH(A13,sheet2!A:A,0))>0,IFERROR(INDEX(LEVEL_HELPER!A:A,MATCH(INDEX(sheet2!O:O,MATCH(A13,sheet2!A:A,0)),LEVEL_HELPER!B:B,0)),H13),H13))} -> Beginner | J13: =IFERROR(_xludf.MAXIFS(ATTENDANCE_LOG!F:F, ATTENDANCE_LOG!C:C, A13&"", ATTENDANCE_LOG!G:G, "Present"), "") | K13: =IF(J13="", "", IFERROR(TODAY()-DATEVALUE(LEFT(J13,10)), "")) | L13: =IF(AND(ISNUMBER(K13), K13>=30), "⚠ Possibly Dropped", "") | M13: Discontinued mid-course | N13: Team restructuring
A14: 173272 | B14: ĐÀO SỸ THỜI | C14: =IFERROR(__xludf.DUMMYFUNCTION("arrayformula(VLOOKUP(to_Text(A14),to_Text(sheet2!$A$1:M1002),13,0))"),"LBU") -> LBU | D14: =IFERROR(__xludf.DUMMYFUNCTION("arrayformula(VLOOKUP(to_Text(A14),to_Text(sheet2!$A$1:M1002),12,0))"),"GSD") -> GSD | E14: =IF(L14="⚠ Possibly Dropped","Inactive","Active") -> Active | F14: {=IFERROR( INDEX(ATTENDANCE_INPUT!D:D, MATCH(1, (ATTENDANCE_INPUT!A:A=A14) * (ATTENDANCE_INPUT!V:V=_xludf.MAXIFS(ATTENDANCE_INPUT!V:V, ATTENDANCE_INPUT!A:A, A14)), 0)), "")} | G14: {=IFERROR( INDEX(ATTENDANCE_INPUT!E:E, MATCH(1, (ATTENDANCE_INPUT!A:A=A14) * (ATTENDANCE_INPUT!V:V=_xludf.MAXIFS(ATTENDANCE_INPUT!V:V, ATTENDANCE_INPUT!A:A, A14)), 0)), "")} | H14: {=IF(ISNA(MATCH(A14,sheet2!A:A,0)),"⏳ Chưa test",IFERROR(INDEX(LEVEL_HELPER!A:A,MATCH(INDEX(sheet2!N:N,MATCH(A14,sheet2!A:A,0)),LEVEL_HELPER!B:B,0)),"⏳ Chưa test"))} -> Beginner | I14: {=IF(ISNA(MATCH(A14,sheet2!A:A,0)),H14,IF(INDEX(sheet2!O:O,MATCH(A14,sheet2!A:A,0))>0,IFERROR(INDEX(LEVEL_HELPER!A:A,MATCH(INDEX(sheet2!O:O,MATCH(A14,sheet2!A:A,0)),LEVEL_HELPER!B:B,0)),H14),H14))} -> Beginner | J14: =IFERROR(_xludf.MAXIFS(ATTENDANCE_LOG!F:F, ATTENDANCE_LOG!C:C, A14&"", ATTENDANCE_LOG!G:G, "Present"), "") | K14: =IF(J14="", "", IFERROR(TODAY()-DATEVALUE(LEFT(J14,10)), "")) | L14: =IF(AND(ISNUMBER(K14), K14>=30), "⚠ Possibly Dropped", "")
A15: 183322 | B15: ĐÀO TRUNG HIẾU | C15: =IFERROR(__xludf.DUMMYFUNCTION("arrayformula(VLOOKUP(to_Text(A15),to_Text(sheet2!$A$1:M1002),13,0))"),"MOC") -> MOC | D15: =IFERROR(__xludf.DUMMYFUNCTION("arrayformula(VLOOKUP(to_Text(A15),to_Text(sheet2!$A$1:M1002),12,0))"),"DEV") -> DEV | E15: =IF(L15="⚠ Possibly Dropped","Inactive","Active") -> Active | F15: {=IFERROR( INDEX(ATTENDANCE_INPUT!D:D, MATCH(1, (ATTENDANCE_INPUT!A:A=A15) * (ATTENDANCE_INPUT!V:V=_xludf.MAXIFS(ATTENDANCE_INPUT!V:V, ATTENDANCE_INPUT!A:A, A15)), 0)), "")} | G15: {=IFERROR( INDEX(ATTENDANCE_INPUT!E:E, MATCH(1, (ATTENDANCE_INPUT!A:A=A15) * (ATTENDANCE_INPUT!V:V=_xludf.MAXIFS(ATTENDANCE_INPUT!V:V, ATTENDANCE_INPUT!A:A, A15)), 0)), "")} | H15: {=IF(ISNA(MATCH(A15,sheet2!A:A,0)),"⏳ Chưa test",IFERROR(INDEX(LEVEL_HELPER!A:A,MATCH(INDEX(sheet2!N:N,MATCH(A15,sheet2!A:A,0)),LEVEL_HELPER!B:B,0)),"⏳ Chưa test"))} -> Foundation | I15: {=IF(ISNA(MATCH(A15,sheet2!A:A,0)),H15,IF(INDEX(sheet2!O:O,MATCH(A15,sheet2!A:A,0))>0,IFERROR(INDEX(LEVEL_HELPER!A:A,MATCH(INDEX(sheet2!O:O,MATCH(A15,sheet2!A:A,0)),LEVEL_HELPER!B:B,0)),H15),H15))} -> Foundation | J15: =IFERROR(_xludf.MAXIFS(ATTENDANCE_LOG!F:F, ATTENDANCE_LOG!C:C, A15&"", ATTENDANCE_LOG!G:G, "Present"), "") | K15: =IF(J15="", "", IFERROR(TODAY()-DATEVALUE(LEFT(J15,10)), "")) | L15: =IF(AND(ISNUMBER(K15), K15>=30), "⚠ Possibly Dropped", "")
A16: 257134 | B16: ĐINH QUỐC HUẤN | C16: =IFERROR(__xludf.DUMMYFUNCTION("arrayformula(VLOOKUP(to_Text(A16),to_Text(sheet2!$A$1:M1002),13,0))"),"LBU") -> LBU | D16: =IFERROR(__xludf.DUMMYFUNCTION("arrayformula(VLOOKUP(to_Text(A16),to_Text(sheet2!$A$1:M1002),12,0))"),"Designer") -> Designer | E16: =IF(L16="⚠ Possibly Dropped","Inactive","Active") -> Active | F16: {=IFERROR( INDEX(ATTENDANCE_INPUT!D:D, MATCH(1, (ATTENDANCE_INPUT!A:A=A16) * (ATTENDANCE_INPUT!V:V=_xludf.MAXIFS(ATTENDANCE_INPUT!V:V, ATTENDANCE_INPUT!A:A, A16)), 0)), "")} | G16: {=IFERROR( INDEX(ATTENDANCE_INPUT!E:E, MATCH(1, (ATTENDANCE_INPUT!A:A=A16) * (ATTENDANCE_INPUT!V:V=_xludf.MAXIFS(ATTENDANCE_INPUT!V:V, ATTENDANCE_INPUT!A:A, A16)), 0)), "")} | H16: {=IF(ISNA(MATCH(A16,sheet2!A:A,0)),"⏳ Chưa test",IFERROR(INDEX(LEVEL_HELPER!A:A,MATCH(INDEX(sheet2!N:N,MATCH(A16,sheet2!A:A,0)),LEVEL_HELPER!B:B,0)),"⏳ Chưa test"))} -> Foundation | I16: {=IF(ISNA(MATCH(A16,sheet2!A:A,0)),H16,IF(INDEX(sheet2!O:O,MATCH(A16,sheet2!A:A,0))>0,IFERROR(INDEX(LEVEL_HELPER!A:A,MATCH(INDEX(sheet2!O:O,MATCH(A16,sheet2!A:A,0)),LEVEL_HELPER!B:B,0)),H16),H16))} -> Foundation | J16: =IFERROR(_xludf.MAXIFS(ATTENDANCE_LOG!F:F, ATTENDANCE_LOG!C:C, A16&"", ATTENDANCE_LOG!G:G, "Present"), "") | K16: =IF(J16="", "", IFERROR(TODAY()-DATEVALUE(LEFT(J16,10)), "")) | L16: =IF(AND(ISNUMBER(K16), K16>=30), "⚠ Possibly Dropped", "")
A17: 213863 | B17: ĐINH TIẾN ĐẠT | C17: =IFERROR(__xludf.DUMMYFUNCTION("arrayformula(VLOOKUP(to_Text(A17),to_Text(sheet2!$A$1:M1002),13,0))"),"MOC") -> MOC | D17: =IFERROR(__xludf.DUMMYFUNCTION("arrayformula(VLOOKUP(to_Text(A17),to_Text(sheet2!$A$1:M1002),12,0))"),"DEV") -> DEV | E17: =IF(L17="⚠ Possibly Dropped","Inactive","Active") -> Active | F17: {=IFERROR( INDEX(ATTENDANCE_INPUT!D:D, MATCH(1, (ATTENDANCE_INPUT!A:A=A17) * (ATTENDANCE_INPUT!V:V=_xludf.MAXIFS(ATTENDANCE_INPUT!V:V, ATTENDANCE_INPUT!A:A, A17)), 0)), "")} | G17: {=IFERROR( INDEX(ATTENDANCE_INPUT!E:E, MATCH(1, (ATTENDANCE_INPUT!A:A=A17) * (ATTENDANCE_INPUT!V:V=_xludf.MAXIFS(ATTENDANCE_INPUT!V:V, ATTENDANCE_INPUT!A:A, A17)), 0)), "")} | H17: {=IF(ISNA(MATCH(A17,sheet2!A:A,0)),"⏳ Chưa test",IFERROR(INDEX(LEVEL_HELPER!A:A,MATCH(INDEX(sheet2!N:N,MATCH(A17,sheet2!A:A,0)),LEVEL_HELPER!B:B,0)),"⏳ Chưa test"))} -> Beginner | I17: {=IF(ISNA(MATCH(A17,sheet2!A:A,0)),H17,IF(INDEX(sheet2!O:O,MATCH(A17,sheet2!A:A,0))>0,IFERROR(INDEX(LEVEL_HELPER!A:A,MATCH(INDEX(sheet2!O:O,MATCH(A17,sheet2!A:A,0)),LEVEL_HELPER!B:B,0)),H17),H17))} -> Beginner | J17: =IFERROR(_xludf.MAXIFS(ATTENDANCE_LOG!F:F, ATTENDANCE_LOG!C:C, A17&"", ATTENDANCE_LOG!G:G, "Present"), "") | K17: =IF(J17="", "", IFERROR(TODAY()-DATEVALUE(LEFT(J17,10)), "")) | L17: =IF(AND(ISNUMBER(K17), K17>=30), "⚠ Possibly Dropped", "") | M17: Discontinued mid-course | N17: High workload
A18: 247389 | B18: ĐINH TRƯƠNG THANH TUYỀN | C18: =IFERROR(__xludf.DUMMYFUNCTION("arrayformula(VLOOKUP(to_Text(A18),to_Text(sheet2!$A$1:M1002),13,0))"),"LBU") -> LBU | D18: =IFERROR(__xludf.DUMMYFUNCTION("arrayformula(VLOOKUP(to_Text(A18),to_Text(sheet2!$A$1:M1002),12,0))"),"QC") -> QC | E18: =IF(L18="⚠ Possibly Dropped","Inactive","Active") -> Active | F18: {=IFERROR( INDEX(ATTENDANCE_INPUT!D:D, MATCH(1, (ATTENDANCE_INPUT!A:A=A18) * (ATTENDANCE_INPUT!V:V=_xludf.MAXIFS(ATTENDANCE_INPUT!V:V, ATTENDANCE_INPUT!A:A, A18)), 0)), "")} | G18: {=IFERROR( INDEX(ATTENDANCE_INPUT!E:E, MATCH(1, (ATTENDANCE_INPUT!A:A=A18) * (ATTENDANCE_INPUT!V:V=_xludf.MAXIFS(ATTENDANCE_INPUT!V:V, ATTENDANCE_INPUT!A:A, A18)), 0)), "")} | H18: {=IF(ISNA(MATCH(A18,sheet2!A:A,0)),"⏳ Chưa test",IFERROR(INDEX(LEVEL_HELPER!A:A,MATCH(INDEX(sheet2!N:N,MATCH(A18,sheet2!A:A,0)),LEVEL_HELPER!B:B,0)),"⏳ Chưa test"))} -> ⏳ Chưa test | I18: {=IF(ISNA(MATCH(A18,sheet2!A:A,0)),H18,IF(INDEX(sheet2!O:O,MATCH(A18,sheet2!A:A,0))>0,IFERROR(INDEX(LEVEL_HELPER!A:A,MATCH(INDEX(sheet2!O:O,MATCH(A18,sheet2!A:A,0)),LEVEL_HELPER!B:B,0)),H18),H18))} -> ⏳ Chưa test | J18: =IFERROR(_xludf.MAXIFS(ATTENDANCE_LOG!F:F, ATTENDANCE_LOG!C:C, A18&"", ATTENDANCE_LOG!G:G, "Present"), "") | K18: =IF(J18="", "", IFERROR(TODAY()-DATEVALUE(LEFT(J18,10)), "")) | L18: =IF(AND(ISNUMBER(K18), K18>=30), "⚠ Possibly Dropped", "") | M18: Discontinued mid-course | N18: Prefer different learning format | O18: 4/2026: Chờ khóa Com3
A19: 247300 | B19: ĐỖ CHÂU BỬU | C19: =IFERROR(__xludf.DUMMYFUNCTION("arrayformula(VLOOKUP(to_Text(A19),to_Text(sheet2!$A$1:M1002),13,0))"),"CHORUS") -> CHORUS | D19: =IFERROR(__xludf.DUMMYFUNCTION("arrayformula(VLOOKUP(to_Text(A19),to_Text(sheet2!$A$1:M1002),12,0))"),"SM") -> SM | E19: Inactive | F19: {=IFERROR( INDEX(ATTENDANCE_INPUT!D:D, MATCH(1, (ATTENDANCE_INPUT!A:A=A19) * (ATTENDANCE_INPUT!V:V=_xludf.MAXIFS(ATTENDANCE_INPUT!V:V, ATTENDANCE_INPUT!A:A, A19)), 0)), "")} | G19: {=IFERROR( INDEX(ATTENDANCE_INPUT!E:E, MATCH(1, (ATTENDANCE_INPUT!A:A=A19) * (ATTENDANCE_INPUT!V:V=_xludf.MAXIFS(ATTENDANCE_INPUT!V:V, ATTENDANCE_INPUT!A:A, A19)), 0)), "")} | H19: {=IF(ISNA(MATCH(A19,sheet2!A:A,0)),"⏳ Chưa test",IFERROR(INDEX(LEVEL_HELPER!A:A,MATCH(INDEX(sheet2!N:N,MATCH(A19,sheet2!A:A,0)),LEVEL_HELPER!B:B,0)),"⏳ Chưa test"))} -> Pre-Intermediate | I19: {=IF(ISNA(MATCH(A19,sheet2!A:A,0)),H19,IF(INDEX(sheet2!O:O,MATCH(A19,sheet2!A:A,0))>0,IFERROR(INDEX(LEVEL_HELPER!A:A,MATCH(INDEX(sheet2!O:O,MATCH(A19,sheet2!A:A,0)),LEVEL_HELPER!B:B,0)),H19),H19))} -> Pre-Intermediate | J19: =IFERROR(_xludf.MAXIFS(ATTENDANCE_LOG!F:F, ATTENDANCE_LOG!C:C, A19&"", ATTENDANCE_LOG!G:G, "Present"), "") | K19: =IF(J19="", "", IFERROR(TODAY()-DATEVALUE(LEFT(J19,10)), "")) | L19: =IF(AND(ISNUMBER(K19), K19>=30), "⚠ Possibly Dropped", "") | M19: Discontinued mid-course | N19: High workload | R19: 247115 | S19: Ungroup team | T19: Team restructuring | U19: #N/A
A20: 203765 | B20: ĐỖ GIA KHÁNH | C20: =IFERROR(__xludf.DUMMYFUNCTION("arrayformula(VLOOKUP(to_Text(A20),to_Text(sheet2!$A$1:M1002),13,0))"),"MOC") -> MOC | D20: =IFERROR(__xludf.DUMMYFUNCTION("arrayformula(VLOOKUP(to_Text(A20),to_Text(sheet2!$A$1:M1002),12,0))"),"DEV") -> DEV | E20: Waiting for class | F20: {=IFERROR( INDEX(ATTENDANCE_INPUT!D:D, MATCH(1, (ATTENDANCE_INPUT!A:A=A20) * (ATTENDANCE_INPUT!V:V=_xludf.MAXIFS(ATTENDANCE_INPUT!V:V, ATTENDANCE_INPUT!A:A, A20)), 0)), "")} | G20: {=IFERROR( INDEX(ATTENDANCE_INPUT!E:E, MATCH(1, (ATTENDANCE_INPUT!A:A=A20) * (ATTENDANCE_INPUT!V:V=_xludf.MAXIFS(ATTENDANCE_INPUT!V:V, ATTENDANCE_INPUT!A:A, A20)), 0)), "")} | H20: {=IF(ISNA(MATCH(A20,sheet2!A:A,0)),"⏳ Chưa test",IFERROR(INDEX(LEVEL_HELPER!A:A,MATCH(INDEX(sheet2!N:N,MATCH(A20,sheet2!A:A,0)),LEVEL_HELPER!B:B,0)),"⏳ Chưa test"))} -> Beginner | I20: {=IF(ISNA(MATCH(A20,sheet2!A:A,0)),H20,IF(INDEX(sheet2!O:O,MATCH(A20,sheet2!A:A,0))>0,IFERROR(INDEX(LEVEL_HELPER!A:A,MATCH(INDEX(sheet2!O:O,MATCH(A20,sheet2!A:A,0)),LEVEL_HELPER!B:B,0)),H20),H20))} -> Beginner | J20: =IFERROR(_xludf.MAXIFS(ATTENDANCE_LOG!F:F, ATTENDANCE_LOG!C:C, A20&"", ATTENDANCE_LOG!G:G, "Present"), "") | K20: =IF(J20="", "", IFERROR(TODAY()-DATEVALUE(LEFT(J20,10)), "")) | L20: =IF(AND(ISNUMBER(K20), K20>=30), "⚠ Possibly Dropped", "") | R20: 247309 | S20: High workload / Can't arrange time | T20: High workload | U20: =IFERROR(__xludf.DUMMYFUNCTION("arrayformula(vlookup(to_text(R20),to_text($A$4:$B1010),2,0))"),"#N/A") -> #N/A | V20: Learning goal achieved
A21: 247026 | B21: ĐỖ HOÀNG MINH HUY | C21: =IFERROR(__xludf.DUMMYFUNCTION("arrayformula(VLOOKUP(to_Text(A21),to_Text(sheet2!$A$1:M1002),13,0))"),"LBU") -> LBU | D21: =IFERROR(__xludf.DUMMYFUNCTION("arrayformula(VLOOKUP(to_Text(A21),to_Text(sheet2!$A$1:M1002),12,0))"),"GSD") -> GSD | E21: Inactive | F21: {=IFERROR( INDEX(ATTENDANCE_INPUT!D:D, MATCH(1, (ATTENDANCE_INPUT!A:A=A21) * (ATTENDANCE_INPUT!V:V=_xludf.MAXIFS(ATTENDANCE_INPUT!V:V, ATTENDANCE_INPUT!A:A, A21)), 0)), "")} | G21: {=IFERROR( INDEX(ATTENDANCE_INPUT!E:E, MATCH(1, (ATTENDANCE_INPUT!A:A=A21) * (ATTENDANCE_INPUT!V:V=_xludf.MAXIFS(ATTENDANCE_INPUT!V:V, ATTENDANCE_INPUT!A:A, A21)), 0)), "")} | H21: {=IF(ISNA(MATCH(A21,sheet2!A:A,0)),"⏳ Chưa test",IFERROR(INDEX(LEVEL_HELPER!A:A,MATCH(INDEX(sheet2!N:N,MATCH(A21,sheet2!A:A,0)),LEVEL_HELPER!B:B,0)),"⏳ Chưa test"))} -> Pre-Intermediate | I21: {=IF(ISNA(MATCH(A21,sheet2!A:A,0)),H21,IF(INDEX(sheet2!O:O,MATCH(A21,sheet2!A:A,0))>0,IFERROR(INDEX(LEVEL_HELPER!A:A,MATCH(INDEX(sheet2!O:O,MATCH(A21,sheet2!A:A,0)),LEVEL_HELPER!B:B,0)),H21),H21))} -> Pre-Intermediate | J21: =IFERROR(_xludf.MAXIFS(ATTENDANCE_LOG!F:F, ATTENDANCE_LOG!C:C, A21&"", ATTENDANCE_LOG!G:G, "Present"), "") | K21: =IF(J21="", "", IFERROR(TODAY()-DATEVALUE(LEFT(J21,10)), "")) | L21: =IF(AND(ISNUMBER(K21), K21>=30), "⚠ Possibly Dropped", "") | M21: Completed (no continuation) | N21: Learning goal achieved | R21: 237004 | S21: Attend English center / 1-1 course | T21: Prefer other learning methods | U21: #N/A
A22: 237239 | B22: ĐỖ NGỌC THÀNH | C22: =IFERROR(__xludf.DUMMYFUNCTION("arrayformula(VLOOKUP(to_Text(A22),to_Text(sheet2!$A$1:M1002),13,0))"),"CHORUS") -> CHORUS | D22: =IFERROR(__xludf.DUMMYFUNCTION("arrayformula(VLOOKUP(to_Text(A22),to_Text(sheet2!$A$1:M1002),12,0))"),"DEV") -> DEV | E22: =IF(L22="⚠ Possibly Dropped","Inactive","Active") -> Active | F22: {=IFERROR( INDEX(ATTENDANCE_INPUT!D:D, MATCH(1, (ATTENDANCE_INPUT!A:A=A22) * (ATTENDANCE_INPUT!V:V=_xludf.MAXIFS(ATTENDANCE_INPUT!V:V, ATTENDANCE_INPUT!A:A, A22)), 0)), "")} | G22: {=IFERROR( INDEX(ATTENDANCE_INPUT!E:E, MATCH(1, (ATTENDANCE_INPUT!A:A=A22) * (ATTENDANCE_INPUT!V:V=_xludf.MAXIFS(ATTENDANCE_INPUT!V:V, ATTENDANCE_INPUT!A:A, A22)), 0)), "")} | H22: {=IF(ISNA(MATCH(A22,sheet2!A:A,0)),"⏳ Chưa test",IFERROR(INDEX(LEVEL_HELPER!A:A,MATCH(INDEX(sheet2!N:N,MATCH(A22,sheet2!A:A,0)),LEVEL_HELPER!B:B,0)),"⏳ Chưa test"))} -> Foundation | I22: {=IF(ISNA(MATCH(A22,sheet2!A:A,0)),H22,IF(INDEX(sheet2!O:O,MATCH(A22,sheet2!A:A,0))>0,IFERROR(INDEX(LEVEL_HELPER!A:A,MATCH(INDEX(sheet2!O:O,MATCH(A22,sheet2!A:A,0)),LEVEL_HELPER!B:B,0)),H22),H22))} -> Foundation | J22: =IFERROR(_xludf.MAXIFS(ATTENDANCE_LOG!F:F, ATTENDANCE_LOG!C:C, A22&"", ATTENDANCE_LOG!G:G, "Present"), "") | K22: =IF(J22="", "", IFERROR(TODAY()-DATEVALUE(LEFT(J22,10)), "")) | L22: =IF(AND(ISNUMBER(K22), K22>=30), "⚠ Possibly Dropped", "")
A23: 237006 | B23: ĐỖ THANH TÙNG | C23: =IFERROR(__xludf.DUMMYFUNCTION("arrayformula(VLOOKUP(to_Text(A23),to_Text(sheet2!$A$1:M1002),13,0))"),"CHORUS") -> CHORUS | D23: =IFERROR(__xludf.DUMMYFUNCTION("arrayformula(VLOOKUP(to_Text(A23),to_Text(sheet2!$A$1:M1002),12,0))"),"QC") -> QC | E23: Inactive | F23: {=IFERROR( INDEX(ATTENDANCE_INPUT!D:D, MATCH(1, (ATTENDANCE_INPUT!A:A=A23) * (ATTENDANCE_INPUT!V:V=_xludf.MAXIFS(ATTENDANCE_INPUT!V:V, ATTENDANCE_INPUT!A:A, A23)), 0)), "")} | G23: {=IFERROR( INDEX(ATTENDANCE_INPUT!E:E, MATCH(1, (ATTENDANCE_INPUT!A:A=A23) * (ATTENDANCE_INPUT!V:V=_xludf.MAXIFS(ATTENDANCE_INPUT!V:V, ATTENDANCE_INPUT!A:A, A23)), 0)), "")} | H23: {=IF(ISNA(MATCH(A23,sheet2!A:A,0)),"⏳ Chưa test",IFERROR(INDEX(LEVEL_HELPER!A:A,MATCH(INDEX(sheet2!N:N,MATCH(A23,sheet2!A:A,0)),LEVEL_HELPER!B:B,0)),"⏳ Chưa test"))} -> Beginner | I23: {=IF(ISNA(MATCH(A23,sheet2!A:A,0)),H23,IF(INDEX(sheet2!O:O,MATCH(A23,sheet2!A:A,0))>0,IFERROR(INDEX(LEVEL_HELPER!A:A,MATCH(INDEX(sheet2!O:O,MATCH(A23,sheet2!A:A,0)),LEVEL_HELPER!B:B,0)),H23),H23))} -> Beginner | J23: =IFERROR(_xludf.MAXIFS(ATTENDANCE_LOG!F:F, ATTENDANCE_LOG!C:C, A23&"", ATTENDANCE_LOG!G:G, "Present"), "") | K23: =IF(J23="", "", IFERROR(TODAY()-DATEVALUE(LEFT(J23,10)), "")) | L23: =IF(AND(ISNUMBER(K23), K23>=30), "⚠ Possibly Dropped", "") | M23: Completed (no continuation) | N23: High workload
A24: 227183 | B24: ĐỖ VŨ GIA LONG | C24: =IFERROR(__xludf.DUMMYFUNCTION("arrayformula(VLOOKUP(to_Text(A24),to_Text(sheet2!$A$1:M1002),13,0))"),"TBU") -> TBU | D24: =IFERROR(__xludf.DUMMYFUNCTION("arrayformula(VLOOKUP(to_Text(A24),to_Text(sheet2!$A$1:M1002),12,0))"),"DEV") -> DEV | E24: Waiting for class | F24: {=IFERROR( INDEX(ATTENDANCE_INPUT!D:D, MATCH(1, (ATTENDANCE_INPUT!A:A=A24) * (ATTENDANCE_INPUT!V:V=_xludf.MAXIFS(ATTENDANCE_INPUT!V:V, ATTENDANCE_INPUT!A:A, A24)), 0)), "")} | G24: {=IFERROR( INDEX(ATTENDANCE_INPUT!E:E, MATCH(1, (ATTENDANCE_INPUT!A:A=A24) * (ATTENDANCE_INPUT!V:V=_xludf.MAXIFS(ATTENDANCE_INPUT!V:V, ATTENDANCE_INPUT!A:A, A24)), 0)), "")} | H24: {=IF(ISNA(MATCH(A24,sheet2!A:A,0)),"⏳ Chưa test",IFERROR(INDEX(LEVEL_HELPER!A:A,MATCH(INDEX(sheet2!N:N,MATCH(A24,sheet2!A:A,0)),LEVEL_HELPER!B:B,0)),"⏳ Chưa test"))} -> ⏳ Chưa test | I24: {=IF(ISNA(MATCH(A24,sheet2!A:A,0)),H24,IF(INDEX(sheet2!O:O,MATCH(A24,sheet2!A:A,0))>0,IFERROR(INDEX(LEVEL_HELPER!A:A,MATCH(INDEX(sheet2!O:O,MATCH(A24,sheet2!A:A,0)),LEVEL_HELPER!B:B,0)),H24),H24))} -> ⏳ Chưa test | J24: =IFERROR(_xludf.MAXIFS(ATTENDANCE_LOG!F:F, ATTENDANCE_LOG!C:C, A24&"", ATTENDANCE_LOG!G:G, "Present"), "") | K24: =IF(J24="", "", IFERROR(TODAY()-DATEVALUE(LEFT(J24,10)), "")) | L24: =IF(AND(ISNUMBER(K24), K24>=30), "⚠ Possibly Dropped", "")
A25: 213835 | B25: ĐOÀN ANH MINH | C25: =IFERROR(__xludf.DUMMYFUNCTION("arrayformula(VLOOKUP(to_Text(A25),to_Text(sheet2!$A$1:M1002),13,0))"),"MOC") -> MOC | D25: =IFERROR(__xludf.DUMMYFUNCTION("arrayformula(VLOOKUP(to_Text(A25),to_Text(sheet2!$A$1:M1002),12,0))"),"DEV") -> DEV | E25: =IF(L25="⚠ Possibly Dropped","Inactive","Active") -> Active | F25: {=IFERROR( INDEX(ATTENDANCE_INPUT!D:D, MATCH(1, (ATTENDANCE_INPUT!A:A=A25) * (ATTENDANCE_INPUT!V:V=_xludf.MAXIFS(ATTENDANCE_INPUT!V:V, ATTENDANCE_INPUT!A:A, A25)), 0)), "")} | G25: {=IFERROR( INDEX(ATTENDANCE_INPUT!E:E, MATCH(1, (ATTENDANCE_INPUT!A:A=A25) * (ATTENDANCE_INPUT!V:V=_xludf.MAXIFS(ATTENDANCE_INPUT!V:V, ATTENDANCE_INPUT!A:A, A25)), 0)), "")} | H25: {=IF(ISNA(MATCH(A25,sheet2!A:A,0)),"⏳ Chưa test",IFERROR(INDEX(LEVEL_HELPER!A:A,MATCH(INDEX(sheet2!N:N,MATCH(A25,sheet2!A:A,0)),LEVEL_HELPER!B:B,0)),"⏳ Chưa test"))} -> Beginner | I25: {=IF(ISNA(MATCH(A25,sheet2!A:A,0)),H25,IF(INDEX(sheet2!O:O,MATCH(A25,sheet2!A:A,0))>0,IFERROR(INDEX(LEVEL_HELPER!A:A,MATCH(INDEX(sheet2!O:O,MATCH(A25,sheet2!A:A,0)),LEVEL_HELPER!B:B,0)),H25),H25))} -> Beginner | J25: =IFERROR(_xludf.MAXIFS(ATTENDANCE_LOG!F:F, ATTENDANCE_LOG!C:C, A25&"", ATTENDANCE_LOG!G:G, "Present"), "") | K25: =IF(J25="", "", IFERROR(TODAY()-DATEVALUE(LEFT(J25,10)), "")) | L25: =IF(AND(ISNUMBER(K25), K25>=30), "⚠ Possibly Dropped", "") | R25: 193630 | S25: High workload / Can't arrange time | T25: High workload | U25: =IFERROR(__xludf.DUMMYFUNCTION("arrayformula(vlookup(to_text(R25),to_text($A$4:$B974),2,0))"),"#N/A") -> #N/A
A26: 247390 | B26: ĐOÀN KHÁNH NGUYÊN | C26: =IFERROR(__xludf.DUMMYFUNCTION("arrayformula(VLOOKUP(to_Text(A26),to_Text(sheet2!$A$1:M1002),13,0))"),"LBU") -> LBU | D26: =IFERROR(__xludf.DUMMYFUNCTION("arrayformula(VLOOKUP(to_Text(A26),to_Text(sheet2!$A$1:M1002),12,0))"),"QC") -> QC | E26: Inactive | F26: {=IFERROR( INDEX(ATTENDANCE_INPUT!D:D, MATCH(1, (ATTENDANCE_INPUT!A:A=A26) * (ATTENDANCE_INPUT!V:V=_xludf.MAXIFS(ATTENDANCE_INPUT!V:V, ATTENDANCE_INPUT!A:A, A26)), 0)), "")} | G26: {=IFERROR( INDEX(ATTENDANCE_INPUT!E:E, MATCH(1, (ATTENDANCE_INPUT!A:A=A26) * (ATTENDANCE_INPUT!V:V=_xludf.MAXIFS(ATTENDANCE_INPUT!V:V, ATTENDANCE_INPUT!A:A, A26)), 0)), "")} | H26: {=IF(ISNA(MATCH(A26,sheet2!A:A,0)),"⏳ Chưa test",IFERROR(INDEX(LEVEL_HELPER!A:A,MATCH(INDEX(sheet2!N:N,MATCH(A26,sheet2!A:A,0)),LEVEL_HELPER!B:B,0)),"⏳ Chưa test"))} -> ⏳ Chưa test | I26: {=IF(ISNA(MATCH(A26,sheet2!A:A,0)),H26,IF(INDEX(sheet2!O:O,MATCH(A26,sheet2!A:A,0))>0,IFERROR(INDEX(LEVEL_HELPER!A:A,MATCH(INDEX(sheet2!O:O,MATCH(A26,sheet2!A:A,0)),LEVEL_HELPER!B:B,0)),H26),H26))} -> ⏳ Chưa test | J26: =IFERROR(_xludf.MAXIFS(ATTENDANCE_LOG!F:F, ATTENDANCE_LOG!C:C, A26&"", ATTENDANCE_LOG!G:G, "Present"), "") | K26: =IF(J26="", "", IFERROR(TODAY()-DATEVALUE(LEFT(J26,10)), "")) | L26: =IF(AND(ISNUMBER(K26), K26>=30), "⚠ Possibly Dropped", "") | M26: Discontinued mid-course | N26: Maternity leave
A27: 237222 | B27: ĐOÀN NHẬT QUANG | C27: =IFERROR(__xludf.DUMMYFUNCTION("arrayformula(VLOOKUP(to_Text(A27),to_Text(sheet2!$A$1:M1002),13,0))"),"CHORUS") -> CHORUS | D27: =IFERROR(__xludf.DUMMYFUNCTION("arrayformula(VLOOKUP(to_Text(A27),to_Text(sheet2!$A$1:M1002),12,0))"),"TA") -> TA | E27: =IF(L27="⚠ Possibly Dropped","Inactive","Active") -> Active | F27: {=IFERROR( INDEX(ATTENDANCE_INPUT!D:D, MATCH(1, (ATTENDANCE_INPUT!A:A=A27) * (ATTENDANCE_INPUT!V:V=_xludf.MAXIFS(ATTENDANCE_INPUT!V:V, ATTENDANCE_INPUT!A:A, A27)), 0)), "")} | G27: {=IFERROR( INDEX(ATTENDANCE_INPUT!E:E, MATCH(1, (ATTENDANCE_INPUT!A:A=A27) * (ATTENDANCE_INPUT!V:V=_xludf.MAXIFS(ATTENDANCE_INPUT!V:V, ATTENDANCE_INPUT!A:A, A27)), 0)), "")} | H27: {=IF(ISNA(MATCH(A27,sheet2!A:A,0)),"⏳ Chưa test",IFERROR(INDEX(LEVEL_HELPER!A:A,MATCH(INDEX(sheet2!N:N,MATCH(A27,sheet2!A:A,0)),LEVEL_HELPER!B:B,0)),"⏳ Chưa test"))} -> Beginner | I27: {=IF(ISNA(MATCH(A27,sheet2!A:A,0)),H27,IF(INDEX(sheet2!O:O,MATCH(A27,sheet2!A:A,0))>0,IFERROR(INDEX(LEVEL_HELPER!A:A,MATCH(INDEX(sheet2!O:O,MATCH(A27,sheet2!A:A,0)),LEVEL_HELPER!B:B,0)),H27),H27))} -> Beginner | J27: =IFERROR(_xludf.MAXIFS(ATTENDANCE_LOG!F:F, ATTENDANCE_LOG!C:C, A27&"", ATTENDANCE_LOG!G:G, "Present"), "") | K27: =IF(J27="", "", IFERROR(TODAY()-DATEVALUE(LEFT(J27,10)), "")) | L27: =IF(AND(ISNUMBER(K27), K27>=30), "⚠ Possibly Dropped", "") | M27: Completed (no continuation) | N27: High workload
A28: 213954 | B28: ĐOÀN QUANG TUẤN | C28: =IFERROR(__xludf.DUMMYFUNCTION("arrayformula(VLOOKUP(to_Text(A28),to_Text(sheet2!$A$1:M1002),13,0))"),"LBU") -> LBU | D28: =IFERROR(__xludf.DUMMYFUNCTION("arrayformula(VLOOKUP(to_Text(A28),to_Text(sheet2!$A$1:M1002),12,0))"),"DEV") -> DEV | E28: Inactive | F28: {=IFERROR( INDEX(ATTENDANCE_INPUT!D:D, MATCH(1, (ATTENDANCE_INPUT!A:A=A28) * (ATTENDANCE_INPUT!V:V=_xludf.MAXIFS(ATTENDANCE_INPUT!V:V, ATTENDANCE_INPUT!A:A, A28)), 0)), "")} | G28: {=IFERROR( INDEX(ATTENDANCE_INPUT!E:E, MATCH(1, (ATTENDANCE_INPUT!A:A=A28) * (ATTENDANCE_INPUT!V:V=_xludf.MAXIFS(ATTENDANCE_INPUT!V:V, ATTENDANCE_INPUT!A:A, A28)), 0)), "")} | H28: {=IF(ISNA(MATCH(A28,sheet2!A:A,0)),"⏳ Chưa test",IFERROR(INDEX(LEVEL_HELPER!A:A,MATCH(INDEX(sheet2!N:N,MATCH(A28,sheet2!A:A,0)),LEVEL_HELPER!B:B,0)),"⏳ Chưa test"))} -> Beginner | I28: {=IF(ISNA(MATCH(A28,sheet2!A:A,0)),H28,IF(INDEX(sheet2!O:O,MATCH(A28,sheet2!A:A,0))>0,IFERROR(INDEX(LEVEL_HELPER!A:A,MATCH(INDEX(sheet2!O:O,MATCH(A28,sheet2!A:A,0)),LEVEL_HELPER!B:B,0)),H28),H28))} -> Beginner | J28: =IFERROR(_xludf.MAXIFS(ATTENDANCE_LOG!F:F, ATTENDANCE_LOG!C:C, A28&"", ATTENDANCE_LOG!G:G, "Present"), "") | K28: =IF(J28="", "", IFERROR(TODAY()-DATEVALUE(LEFT(J28,10)), "")) | L28: =IF(AND(ISNUMBER(K28), K28>=30), "⚠ Possibly Dropped", "") | M28: Completed (no continuation) | N28: Learning goal achieved
A29: 183332 | B29: ĐOÀN QUỐC HẢI | C29: =IFERROR(__xludf.DUMMYFUNCTION("arrayformula(VLOOKUP(to_Text(A29),to_Text(sheet2!$A$1:M1002),13,0))"),"CHORUS") -> CHORUS | D29: =IFERROR(__xludf.DUMMYFUNCTION("arrayformula(VLOOKUP(to_Text(A29),to_Text(sheet2!$A$1:M1002),12,0))"),"DEV") -> DEV | E29: =IF(L29="⚠ Possibly Dropped","Inactive","Active") -> Active | F29: {=IFERROR( INDEX(ATTENDANCE_INPUT!D:D, MATCH(1, (ATTENDANCE_INPUT!A:A=A29) * (ATTENDANCE_INPUT!V:V=_xludf.MAXIFS(ATTENDANCE_INPUT!V:V, ATTENDANCE_INPUT!A:A, A29)), 0)), "")} | G29: {=IFERROR( INDEX(ATTENDANCE_INPUT!E:E, MATCH(1, (ATTENDANCE_INPUT!A:A=A29) * (ATTENDANCE_INPUT!V:V=_xludf.MAXIFS(ATTENDANCE_INPUT!V:V, ATTENDANCE_INPUT!A:A, A29)), 0)), "")} | H29: {=IF(ISNA(MATCH(A29,sheet2!A:A,0)),"⏳ Chưa test",IFERROR(INDEX(LEVEL_HELPER!A:A,MATCH(INDEX(sheet2!N:N,MATCH(A29,sheet2!A:A,0)),LEVEL_HELPER!B:B,0)),"⏳ Chưa test"))} -> Beginner | I29: {=IF(ISNA(MATCH(A29,sheet2!A:A,0)),H29,IF(INDEX(sheet2!O:O,MATCH(A29,sheet2!A:A,0))>0,IFERROR(INDEX(LEVEL_HELPER!A:A,MATCH(INDEX(sheet2!O:O,MATCH(A29,sheet2!A:A,0)),LEVEL_HELPER!B:B,0)),H29),H29))} -> Beginner | J29: =IFERROR(_xludf.MAXIFS(ATTENDANCE_LOG!F:F, ATTENDANCE_LOG!C:C, A29&"", ATTENDANCE_LOG!G:G, "Present"), "") | K29: =IF(J29="", "", IFERROR(TODAY()-DATEVALUE(LEFT(J29,10)), "")) | L29: =IF(AND(ISNUMBER(K29), K29>=30), "⚠ Possibly Dropped", "") | M29: Discontinued mid-course | N29: Team restructuring
A30: 247196 | B30: ĐOÀN TRẦN BÁ ĐẠT | C30: =IFERROR(__xludf.DUMMYFUNCTION("arrayformula(VLOOKUP(to_Text(A30),to_Text(sheet2!$A$1:M1002),13,0))"),"CHORUS") -> CHORUS | D30: =IFERROR(__xludf.DUMMYFUNCTION("arrayformula(VLOOKUP(to_Text(A30),to_Text(sheet2!$A$1:M1002),12,0))"),"DEV") -> DEV | E30: Inactive | F30: {=IFERROR( INDEX(ATTENDANCE_INPUT!D:D, MATCH(1, (ATTENDANCE_INPUT!A:A=A30) * (ATTENDANCE_INPUT!V:V=_xludf.MAXIFS(ATTENDANCE_INPUT!V:V, ATTENDANCE_INPUT!A:A, A30)), 0)), "")} | G30: {=IFERROR( INDEX(ATTENDANCE_INPUT!E:E, MATCH(1, (ATTENDANCE_INPUT!A:A=A30) * (ATTENDANCE_INPUT!V:V=_xludf.MAXIFS(ATTENDANCE_INPUT!V:V, ATTENDANCE_INPUT!A:A, A30)), 0)), "")} | H30: {=IF(ISNA(MATCH(A30,sheet2!A:A,0)),"⏳ Chưa test",IFERROR(INDEX(LEVEL_HELPER!A:A,MATCH(INDEX(sheet2!N:N,MATCH(A30,sheet2!A:A,0)),LEVEL_HELPER!B:B,0)),"⏳ Chưa test"))} -> Beginner | I30: {=IF(ISNA(MATCH(A30,sheet2!A:A,0)),H30,IF(INDEX(sheet2!O:O,MATCH(A30,sheet2!A:A,0))>0,IFERROR(INDEX(LEVEL_HELPER!A:A,MATCH(INDEX(sheet2!O:O,MATCH(A30,sheet2!A:A,0)),LEVEL_HELPER!B:B,0)),H30),H30))} -> Beginner | J30: =IFERROR(_xludf.MAXIFS(ATTENDANCE_LOG!F:F, ATTENDANCE_LOG!C:C, A30&"", ATTENDANCE_LOG!G:G, "Present"), "") | K30: =IF(J30="", "", IFERROR(TODAY()-DATEVALUE(LEFT(J30,10)), "")) | L30: =IF(AND(ISNUMBER(K30), K30>=30), "⚠ Possibly Dropped", "") | M30: Completed (no continuation) | N30: High workload | R30: 247141 | S30: Ungroup team | T30: Team restructuring | U30: #N/A
A31: 237227 | B31: DƯƠNG HOÀNG LONG | C31: =IFERROR(__xludf.DUMMYFUNCTION("arrayformula(VLOOKUP(to_Text(A31),to_Text(sheet2!$A$1:M1002),13,0))"),"TBU") -> TBU | D31: =IFERROR(__xludf.DUMMYFUNCTION("arrayformula(VLOOKUP(to_Text(A31),to_Text(sheet2!$A$1:M1002),12,0))"),"DEV") -> DEV | E31: =IF(L31="⚠ Possibly Dropped","Inactive","Active") -> Active | F31: {=IFERROR( INDEX(ATTENDANCE_INPUT!D:D, MATCH(1, (ATTENDANCE_INPUT!A:A=A31) * (ATTENDANCE_INPUT!V:V=_xludf.MAXIFS(ATTENDANCE_INPUT!V:V, ATTENDANCE_INPUT!A:A, A31)), 0)), "")} | G31: {=IFERROR( INDEX(ATTENDANCE_INPUT!E:E, MATCH(1, (ATTENDANCE_INPUT!A:A=A31) * (ATTENDANCE_INPUT!V:V=_xludf.MAXIFS(ATTENDANCE_INPUT!V:V, ATTENDANCE_INPUT!A:A, A31)), 0)), "")} | H31: {=IF(ISNA(MATCH(A31,sheet2!A:A,0)),"⏳ Chưa test",IFERROR(INDEX(LEVEL_HELPER!A:A,MATCH(INDEX(sheet2!N:N,MATCH(A31,sheet2!A:A,0)),LEVEL_HELPER!B:B,0)),"⏳ Chưa test"))} -> Pre-Intermediate | I31: {=IF(ISNA(MATCH(A31,sheet2!A:A,0)),H31,IF(INDEX(sheet2!O:O,MATCH(A31,sheet2!A:A,0))>0,IFERROR(INDEX(LEVEL_HELPER!A:A,MATCH(INDEX(sheet2!O:O,MATCH(A31,sheet2!A:A,0)),LEVEL_HELPER!B:B,0)),H31),H31))} -> Pre-Intermediate | J31: =IFERROR(_xludf.MAXIFS(ATTENDANCE_LOG!F:F, ATTENDANCE_LOG!C:C, A31&"", ATTENDANCE_LOG!G:G, "Present"), "") | K31: =IF(J31="", "", IFERROR(TODAY()-DATEVALUE(LEFT(J31,10)), "")) | L31: =IF(AND(ISNUMBER(K31), K31>=30), "⚠ Possibly Dropped", "") | M31: Discontinued mid-course | N31: High workload
A32: 247230 | B32: DƯƠNG LÊ XUÂN KHANG | C32: =IFERROR(__xludf.DUMMYFUNCTION("arrayformula(VLOOKUP(to_Text(A32),to_Text(sheet2!$A$1:M1002),13,0))"),"CHORUS") -> CHORUS | D32: =IFERROR(__xludf.DUMMYFUNCTION("arrayformula(VLOOKUP(to_Text(A32),to_Text(sheet2!$A$1:M1002),12,0))"),"DEV") -> DEV | E32: Inactive | F32: {=IFERROR( INDEX(ATTENDANCE_INPUT!D:D, MATCH(1, (ATTENDANCE_INPUT!A:A=A32) * (ATTENDANCE_INPUT!V:V=_xludf.MAXIFS(ATTENDANCE_INPUT!V:V, ATTENDANCE_INPUT!A:A, A32)), 0)), "")} | G32: {=IFERROR( INDEX(ATTENDANCE_INPUT!E:E, MATCH(1, (ATTENDANCE_INPUT!A:A=A32) * (ATTENDANCE_INPUT!V:V=_xludf.MAXIFS(ATTENDANCE_INPUT!V:V, ATTENDANCE_INPUT!A:A, A32)), 0)), "")} | H32: {=IF(ISNA(MATCH(A32,sheet2!A:A,0)),"⏳ Chưa test",IFERROR(INDEX(LEVEL_HELPER!A:A,MATCH(INDEX(sheet2!N:N,MATCH(A32,sheet2!A:A,0)),LEVEL_HELPER!B:B,0)),"⏳ Chưa test"))} -> Pre-Intermediate | I32: {=IF(ISNA(MATCH(A32,sheet2!A:A,0)),H32,IF(INDEX(sheet2!O:O,MATCH(A32,sheet2!A:A,0))>0,IFERROR(INDEX(LEVEL_HELPER!A:A,MATCH(INDEX(sheet2!O:O,MATCH(A32,sheet2!A:A,0)),LEVEL_HELPER!B:B,0)),H32),H32))} -> Pre-Intermediate | J32: =IFERROR(_xludf.MAXIFS(ATTENDANCE_LOG!F:F, ATTENDANCE_LOG!C:C, A32&"", ATTENDANCE_LOG!G:G, "Present"), "") | K32: =IF(J32="", "", IFERROR(TODAY()-DATEVALUE(LEFT(J32,10)), "")) | L32: =IF(AND(ISNUMBER(K32), K32>=30), "⚠ Possibly Dropped", "") | M32: Completed (no continuation) | N32: Learning goal achieved
A33: 193579 | B33: ĐƯỜNG QUANG HUY | C33: =IFERROR(__xludf.DUMMYFUNCTION("arrayformula(VLOOKUP(to_Text(A33),to_Text(sheet2!$A$1:M1002),13,0))"),"TBU") -> TBU | D33: =IFERROR(__xludf.DUMMYFUNCTION("arrayformula(VLOOKUP(to_Text(A33),to_Text(sheet2!$A$1:M1002),12,0))"),"DEV") -> DEV | E33: Inactive | F33: {=IFERROR( INDEX(ATTENDANCE_INPUT!D:D, MATCH(1, (ATTENDANCE_INPUT!A:A=A33) * (ATTENDANCE_INPUT!V:V=_xludf.MAXIFS(ATTENDANCE_INPUT!V:V, ATTENDANCE_INPUT!A:A, A33)), 0)), "")} | G33: {=IFERROR( INDEX(ATTENDANCE_INPUT!E:E, MATCH(1, (ATTENDANCE_INPUT!A:A=A33) * (ATTENDANCE_INPUT!V:V=_xludf.MAXIFS(ATTENDANCE_INPUT!V:V, ATTENDANCE_INPUT!A:A, A33)), 0)), "")} | H33: {=IF(ISNA(MATCH(A33,sheet2!A:A,0)),"⏳ Chưa test",IFERROR(INDEX(LEVEL_HELPER!A:A,MATCH(INDEX(sheet2!N:N,MATCH(A33,sheet2!A:A,0)),LEVEL_HELPER!B:B,0)),"⏳ Chưa test"))} -> Intermediate | I33: {=IF(ISNA(MATCH(A33,sheet2!A:A,0)),H33,IF(INDEX(sheet2!O:O,MATCH(A33,sheet2!A:A,0))>0,IFERROR(INDEX(LEVEL_HELPER!A:A,MATCH(INDEX(sheet2!O:O,MATCH(A33,sheet2!A:A,0)),LEVEL_HELPER!B:B,0)),H33),H33))} -> Intermediate | J33: =IFERROR(_xludf.MAXIFS(ATTENDANCE_LOG!F:F, ATTENDANCE_LOG!C:C, A33&"", ATTENDANCE_LOG!G:G, "Present"), "") | K33: =IF(J33="", "", IFERROR(TODAY()-DATEVALUE(LEFT(J33,10)), "")) | L33: =IF(AND(ISNUMBER(K33), K33>=30), "⚠ Possibly Dropped", "") | M33: Discontinued mid-course | N33: High workload
A34: 242009 | B34: DƯƠNG THỊ HƯƠNG LAN | C34: =IFERROR(__xludf.DUMMYFUNCTION("arrayformula(VLOOKUP(to_Text(A34),to_Text(sheet2!$A$1:M1002),13,0))"),"LBU") -> LBU | D34: =IFERROR(__xludf.DUMMYFUNCTION("arrayformula(VLOOKUP(to_Text(A34),to_Text(sheet2!$A$1:M1002),12,0))"),"HR") -> HR | E34: Inactive | F34: {=IFERROR( INDEX(ATTENDANCE_INPUT!D:D, MATCH(1, (ATTENDANCE_INPUT!A:A=A34) * (ATTENDANCE_INPUT!V:V=_xludf.MAXIFS(ATTENDANCE_INPUT!V:V, ATTENDANCE_INPUT!A:A, A34)), 0)), "")} | G34: {=IFERROR( INDEX(ATTENDANCE_INPUT!E:E, MATCH(1, (ATTENDANCE_INPUT!A:A=A34) * (ATTENDANCE_INPUT!V:V=_xludf.MAXIFS(ATTENDANCE_INPUT!V:V, ATTENDANCE_INPUT!A:A, A34)), 0)), "")} | H34: {=IF(ISNA(MATCH(A34,sheet2!A:A,0)),"⏳ Chưa test",IFERROR(INDEX(LEVEL_HELPER!A:A,MATCH(INDEX(sheet2!N:N,MATCH(A34,sheet2!A:A,0)),LEVEL_HELPER!B:B,0)),"⏳ Chưa test"))} -> ⏳ Chưa test | I34: {=IF(ISNA(MATCH(A34,sheet2!A:A,0)),H34,IF(INDEX(sheet2!O:O,MATCH(A34,sheet2!A:A,0))>0,IFERROR(INDEX(LEVEL_HELPER!A:A,MATCH(INDEX(sheet2!O:O,MATCH(A34,sheet2!A:A,0)),LEVEL_HELPER!B:B,0)),H34),H34))} -> ⏳ Chưa test | J34: =IFERROR(_xludf.MAXIFS(ATTENDANCE_LOG!F:F, ATTENDANCE_LOG!C:C, A34&"", ATTENDANCE_LOG!G:G, "Present"), "") | K34: =IF(J34="", "", IFERROR(TODAY()-DATEVALUE(LEFT(J34,10)), "")) | L34: =IF(AND(ISNUMBER(K34), K34>=30), "⚠ Possibly Dropped", "") | M34: Completed (no continuation) | N34: Prefer different learning format
A35: 247063 | B35: GIANG KHIẾT ĐÌNH | C35: =IFERROR(__xludf.DUMMYFUNCTION("arrayformula(VLOOKUP(to_Text(A35),to_Text(sheet2!$A$1:M1002),13,0))"),"POC") -> POC | D35: =IFERROR(__xludf.DUMMYFUNCTION("arrayformula(VLOOKUP(to_Text(A35),to_Text(sheet2!$A$1:M1002),12,0))"),"GSD") -> GSD | E35: =IF(L35="⚠ Possibly Dropped","Inactive","Active") -> Active | F35: {=IFERROR( INDEX(ATTENDANCE_INPUT!D:D, MATCH(1, (ATTENDANCE_INPUT!A:A=A35) * (ATTENDANCE_INPUT!V:V=_xludf.MAXIFS(ATTENDANCE_INPUT!V:V, ATTENDANCE_INPUT!A:A, A35)), 0)), "")} | G35: {=IFERROR( INDEX(ATTENDANCE_INPUT!E:E, MATCH(1, (ATTENDANCE_INPUT!A:A=A35) * (ATTENDANCE_INPUT!V:V=_xludf.MAXIFS(ATTENDANCE_INPUT!V:V, ATTENDANCE_INPUT!A:A, A35)), 0)), "")} | H35: {=IF(ISNA(MATCH(A35,sheet2!A:A,0)),"⏳ Chưa test",IFERROR(INDEX(LEVEL_HELPER!A:A,MATCH(INDEX(sheet2!N:N,MATCH(A35,sheet2!A:A,0)),LEVEL_HELPER!B:B,0)),"⏳ Chưa test"))} -> Beginner | I35: {=IF(ISNA(MATCH(A35,sheet2!A:A,0)),H35,IF(INDEX(sheet2!O:O,MATCH(A35,sheet2!A:A,0))>0,IFERROR(INDEX(LEVEL_HELPER!A:A,MATCH(INDEX(sheet2!O:O,MATCH(A35,sheet2!A:A,0)),LEVEL_HELPER!B:B,0)),H35),H35))} -> Beginner | J35: =IFERROR(_xludf.MAXIFS(ATTENDANCE_LOG!F:F, ATTENDANCE_LOG!C:C, A35&"", ATTENDANCE_LOG!G:G, "Present"), "") | K35: =IF(J35="", "", IFERROR(TODAY()-DATEVALUE(LEFT(J35,10)), "")) | L35: =IF(AND(ISNUMBER(K35), K35>=30), "⚠ Possibly Dropped", "")
A36: 193588 | B36: HÀ TRẦN TUẤN ANH | C36: =IFERROR(__xludf.DUMMYFUNCTION("arrayformula(VLOOKUP(to_Text(A36),to_Text(sheet2!$A$1:M1002),13,0))"),"MOC") -> MOC | D36: =IFERROR(__xludf.DUMMYFUNCTION("arrayformula(VLOOKUP(to_Text(A36),to_Text(sheet2!$A$1:M1002),12,0))"),"DEV") -> DEV | E36: =IF(L36="⚠ Possibly Dropped","Inactive","Active") -> Active | F36: {=IFERROR( INDEX(ATTENDANCE_INPUT!D:D, MATCH(1, (ATTENDANCE_INPUT!A:A=A36) * (ATTENDANCE_INPUT!V:V=_xludf.MAXIFS(ATTENDANCE_INPUT!V:V, ATTENDANCE_INPUT!A:A, A36)), 0)), "")} | G36: {=IFERROR( INDEX(ATTENDANCE_INPUT!E:E, MATCH(1, (ATTENDANCE_INPUT!A:A=A36) * (ATTENDANCE_INPUT!V:V=_xludf.MAXIFS(ATTENDANCE_INPUT!V:V, ATTENDANCE_INPUT!A:A, A36)), 0)), "")} | H36: {=IF(ISNA(MATCH(A36,sheet2!A:A,0)),"⏳ Chưa test",IFERROR(INDEX(LEVEL_HELPER!A:A,MATCH(INDEX(sheet2!N:N,MATCH(A36,sheet2!A:A,0)),LEVEL_HELPER!B:B,0)),"⏳ Chưa test"))} -> Beginner | I36: {=IF(ISNA(MATCH(A36,sheet2!A:A,0)),H36,IF(INDEX(sheet2!O:O,MATCH(A36,sheet2!A:A,0))>0,IFERROR(INDEX(LEVEL_HELPER!A:A,MATCH(INDEX(sheet2!O:O,MATCH(A36,sheet2!A:A,0)),LEVEL_HELPER!B:B,0)),H36),H36))} -> Beginner | J36: =IFERROR(_xludf.MAXIFS(ATTENDANCE_LOG!F:F, ATTENDANCE_LOG!C:C, A36&"", ATTENDANCE_LOG!G:G, "Present"), "") | K36: =IF(J36="", "", IFERROR(TODAY()-DATEVALUE(LEFT(J36,10)), "")) | L36: =IF(AND(ISNUMBER(K36), K36>=30), "⚠ Possibly Dropped", "")
A37: 247359 | B37: HỒ HUỲNH THÔNG | C37: =IFERROR(__xludf.DUMMYFUNCTION("arrayformula(VLOOKUP(to_Text(A37),to_Text(sheet2!$A$1:M1002),13,0))"),"LBU") -> LBU | D37: =IFERROR(__xludf.DUMMYFUNCTION("arrayformula(VLOOKUP(to_Text(A37),to_Text(sheet2!$A$1:M1002),12,0))"),"DEV") -> DEV | E37: Inactive | F37: {=IFERROR( INDEX(ATTENDANCE_INPUT!D:D, MATCH(1, (ATTENDANCE_INPUT!A:A=A37) * (ATTENDANCE_INPUT!V:V=_xludf.MAXIFS(ATTENDANCE_INPUT!V:V, ATTENDANCE_INPUT!A:A, A37)), 0)), "")} | G37: {=IFERROR( INDEX(ATTENDANCE_INPUT!E:E, MATCH(1, (ATTENDANCE_INPUT!A:A=A37) * (ATTENDANCE_INPUT!V:V=_xludf.MAXIFS(ATTENDANCE_INPUT!V:V, ATTENDANCE_INPUT!A:A, A37)), 0)), "")} | H37: {=IF(ISNA(MATCH(A37,sheet2!A:A,0)),"⏳ Chưa test",IFERROR(INDEX(LEVEL_HELPER!A:A,MATCH(INDEX(sheet2!N:N,MATCH(A37,sheet2!A:A,0)),LEVEL_HELPER!B:B,0)),"⏳ Chưa test"))} -> Pre-Intermediate | I37: {=IF(ISNA(MATCH(A37,sheet2!A:A,0)),H37,IF(INDEX(sheet2!O:O,MATCH(A37,sheet2!A:A,0))>0,IFERROR(INDEX(LEVEL_HELPER!A:A,MATCH(INDEX(sheet2!O:O,MATCH(A37,sheet2!A:A,0)),LEVEL_HELPER!B:B,0)),H37),H37))} -> Pre-Intermediate | J37: =IFERROR(_xludf.MAXIFS(ATTENDANCE_LOG!F:F, ATTENDANCE_LOG!C:C, A37&"", ATTENDANCE_LOG!G:G, "Present"), "") | K37: =IF(J37="", "", IFERROR(TODAY()-DATEVALUE(LEFT(J37,10)), "")) | L37: =IF(AND(ISNUMBER(K37), K37>=30), "⚠ Possibly Dropped", "") | M37: Discontinued mid-course | N37: High workload
A38: 227130 | B38: HỒ MẠNH DŨNG | C38: =IFERROR(__xludf.DUMMYFUNCTION("arrayformula(VLOOKUP(to_Text(A38),to_Text(sheet2!$A$1:M1002),13,0))"),"ONC") -> ONC | D38: =IFERROR(__xludf.DUMMYFUNCTION("arrayformula(VLOOKUP(to_Text(A38),to_Text(sheet2!$A$1:M1002),12,0))"),"QC") -> QC | E38: Inactive | F38: {=IFERROR( INDEX(ATTENDANCE_INPUT!D:D, MATCH(1, (ATTENDANCE_INPUT!A:A=A38) * (ATTENDANCE_INPUT!V:V=_xludf.MAXIFS(ATTENDANCE_INPUT!V:V, ATTENDANCE_INPUT!A:A, A38)), 0)), "")} | G38: {=IFERROR( INDEX(ATTENDANCE_INPUT!E:E, MATCH(1, (ATTENDANCE_INPUT!A:A=A38) * (ATTENDANCE_INPUT!V:V=_xludf.MAXIFS(ATTENDANCE_INPUT!V:V, ATTENDANCE_INPUT!A:A, A38)), 0)), "")} | H38: {=IF(ISNA(MATCH(A38,sheet2!A:A,0)),"⏳ Chưa test",IFERROR(INDEX(LEVEL_HELPER!A:A,MATCH(INDEX(sheet2!N:N,MATCH(A38,sheet2!A:A,0)),LEVEL_HELPER!B:B,0)),"⏳ Chưa test"))} -> Beginner | I38: {=IF(ISNA(MATCH(A38,sheet2!A:A,0)),H38,IF(INDEX(sheet2!O:O,MATCH(A38,sheet2!A:A,0))>0,IFERROR(INDEX(LEVEL_HELPER!A:A,MATCH(INDEX(sheet2!O:O,MATCH(A38,sheet2!A:A,0)),LEVEL_HELPER!B:B,0)),H38),H38))} -> Beginner | J38: =IFERROR(_xludf.MAXIFS(ATTENDANCE_LOG!F:F, ATTENDANCE_LOG!C:C, A38&"", ATTENDANCE_LOG!G:G, "Present"), "") | K38: =IF(J38="", "", IFERROR(TODAY()-DATEVALUE(LEFT(J38,10)), "")) | L38: =IF(AND(ISNUMBER(K38), K38>=30), "⚠ Possibly Dropped", "") | M38: Discontinued mid-course | N38: Resign
A39: 227224 | B39: HOÀNG ĐĂNG TRIỆU | C39: =IFERROR(__xludf.DUMMYFUNCTION("arrayformula(VLOOKUP(to_Text(A39),to_Text(sheet2!$A$1:M1002),13,0))"),"CHORUS") -> CHORUS | D39: =IFERROR(__xludf.DUMMYFUNCTION("arrayformula(VLOOKUP(to_Text(A39),to_Text(sheet2!$A$1:M1002),12,0))"),"DEV") -> DEV | E39: Inactive | F39: {=IFERROR( INDEX(ATTENDANCE_INPUT!D:D, MATCH(1, (ATTENDANCE_INPUT!A:A=A39) * (ATTENDANCE_INPUT!V:V=_xludf.MAXIFS(ATTENDANCE_INPUT!V:V, ATTENDANCE_INPUT!A:A, A39)), 0)), "")} | G39: {=IFERROR( INDEX(ATTENDANCE_INPUT!E:E, MATCH(1, (ATTENDANCE_INPUT!A:A=A39) * (ATTENDANCE_INPUT!V:V=_xludf.MAXIFS(ATTENDANCE_INPUT!V:V, ATTENDANCE_INPUT!A:A, A39)), 0)), "")} | H39: {=IF(ISNA(MATCH(A39,sheet2!A:A,0)),"⏳ Chưa test",IFERROR(INDEX(LEVEL_HELPER!A:A,MATCH(INDEX(sheet2!N:N,MATCH(A39,sheet2!A:A,0)),LEVEL_HELPER!B:B,0)),"⏳ Chưa test"))} -> Beginner | I39: {=IF(ISNA(MATCH(A39,sheet2!A:A,0)),H39,IF(INDEX(sheet2!O:O,MATCH(A39,sheet2!A:A,0))>0,IFERROR(INDEX(LEVEL_HELPER!A:A,MATCH(INDEX(sheet2!O:O,MATCH(A39,sheet2!A:A,0)),LEVEL_HELPER!B:B,0)),H39),H39))} -> Beginner | J39: =IFERROR(_xludf.MAXIFS(ATTENDANCE_LOG!F:F, ATTENDANCE_LOG!C:C, A39&"", ATTENDANCE_LOG!G:G, "Present"), "") | K39: =IF(J39="", "", IFERROR(TODAY()-DATEVALUE(LEFT(J39,10)), "")) | L39: =IF(AND(ISNUMBER(K39), K39>=30), "⚠ Possibly Dropped", "") | M39: Completed (no continuation) | N39: Learning goal achieved
A40: 247184 | B40: HOÀNG MINH DUY | C40: =IFERROR(__xludf.DUMMYFUNCTION("arrayformula(VLOOKUP(to_Text(A40),to_Text(sheet2!$A$1:M1002),13,0))"),"CHORUS") -> CHORUS | D40: =IFERROR(__xludf.DUMMYFUNCTION("arrayformula(VLOOKUP(to_Text(A40),to_Text(sheet2!$A$1:M1002),12,0))"),"DEV") -> DEV | E40: Inactive | F40: {=IFERROR( INDEX(ATTENDANCE_INPUT!D:D, MATCH(1, (ATTENDANCE_INPUT!A:A=A40) * (ATTENDANCE_INPUT!V:V=_xludf.MAXIFS(ATTENDANCE_INPUT!V:V, ATTENDANCE_INPUT!A:A, A40)), 0)), "")} | G40: {=IFERROR( INDEX(ATTENDANCE_INPUT!E:E, MATCH(1, (ATTENDANCE_INPUT!A:A=A40) * (ATTENDANCE_INPUT!V:V=_xludf.MAXIFS(ATTENDANCE_INPUT!V:V, ATTENDANCE_INPUT!A:A, A40)), 0)), "")} | H40: {=IF(ISNA(MATCH(A40,sheet2!A:A,0)),"⏳ Chưa test",IFERROR(INDEX(LEVEL_HELPER!A:A,MATCH(INDEX(sheet2!N:N,MATCH(A40,sheet2!A:A,0)),LEVEL_HELPER!B:B,0)),"⏳ Chưa test"))} -> Pre-Intermediate | I40: {=IF(ISNA(MATCH(A40,sheet2!A:A,0)),H40,IF(INDEX(sheet2!O:O,MATCH(A40,sheet2!A:A,0))>0,IFERROR(INDEX(LEVEL_HELPER!A:A,MATCH(INDEX(sheet2!O:O,MATCH(A40,sheet2!A:A,0)),LEVEL_HELPER!B:B,0)),H40),H40))} -> Pre-Intermediate | J40: =IFERROR(_xludf.MAXIFS(ATTENDANCE_LOG!F:F, ATTENDANCE_LOG!C:C, A40&"", ATTENDANCE_LOG!G:G, "Present"), "") | K40: =IF(J40="", "", IFERROR(TODAY()-DATEVALUE(LEFT(J40,10)), "")) | L40: =IF(AND(ISNUMBER(K40), K40>=30), "⚠ Possibly Dropped", "") | M40: Discontinued mid-course | N40: High workload
A41: 227023 | B41: HOÀNG NAM VƯƠNG | C41: =IFERROR(__xludf.DUMMYFUNCTION("arrayformula(VLOOKUP(to_Text(A41),to_Text(sheet2!$A$1:M1002),13,0))"),"ONC") -> ONC | D41: =IFERROR(__xludf.DUMMYFUNCTION("arrayformula(VLOOKUP(to_Text(A41),to_Text(sheet2!$A$1:M1002),12,0))"),"DEV") -> DEV | E41: Inactive | F41: {=IFERROR( INDEX(ATTENDANCE_INPUT!D:D, MATCH(1, (ATTENDANCE_INPUT!A:A=A41) * (ATTENDANCE_INPUT!V:V=_xludf.MAXIFS(ATTENDANCE_INPUT!V:V, ATTENDANCE_INPUT!A:A, A41)), 0)), "")} | G41: {=IFERROR( INDEX(ATTENDANCE_INPUT!E:E, MATCH(1, (ATTENDANCE_INPUT!A:A=A41) * (ATTENDANCE_INPUT!V:V=_xludf.MAXIFS(ATTENDANCE_INPUT!V:V, ATTENDANCE_INPUT!A:A, A41)), 0)), "")} | H41: {=IF(ISNA(MATCH(A41,sheet2!A:A,0)),"⏳ Chưa test",IFERROR(INDEX(LEVEL_HELPER!A:A,MATCH(INDEX(sheet2!N:N,MATCH(A41,sheet2!A:A,0)),LEVEL_HELPER!B:B,0)),"⏳ Chưa test"))} -> Beginner | I41: {=IF(ISNA(MATCH(A41,sheet2!A:A,0)),H41,IF(INDEX(sheet2!O:O,MATCH(A41,sheet2!A:A,0))>0,IFERROR(INDEX(LEVEL_HELPER!A:A,MATCH(INDEX(sheet2!O:O,MATCH(A41,sheet2!A:A,0)),LEVEL_HELPER!B:B,0)),H41),H41))} -> Beginner | J41: =IFERROR(_xludf.MAXIFS(ATTENDANCE_LOG!F:F, ATTENDANCE_LOG!C:C, A41&"", ATTENDANCE_LOG!G:G, "Present"), "") | K41: =IF(J41="", "", IFERROR(TODAY()-DATEVALUE(LEFT(J41,10)), "")) | L41: =IF(AND(ISNUMBER(K41), K41>=30), "⚠ Possibly Dropped", "") | M41: Completed (no continuation) | N41: High workload
A42: 213893 | B42: HOÀNG NGỌC THẲNG | C42: =IFERROR(__xludf.DUMMYFUNCTION("arrayformula(VLOOKUP(to_Text(A42),to_Text(sheet2!$A$1:M1002),13,0))"),"ONC") -> ONC | D42: =IFERROR(__xludf.DUMMYFUNCTION("arrayformula(VLOOKUP(to_Text(A42),to_Text(sheet2!$A$1:M1002),12,0))"),"DEV") -> DEV | E42: Active | F42: {=IFERROR( INDEX(ATTENDANCE_INPUT!D:D, MATCH(1, (ATTENDANCE_INPUT!A:A=A42) * (ATTENDANCE_INPUT!V:V=_xludf.MAXIFS(ATTENDANCE_INPUT!V:V, ATTENDANCE_INPUT!A:A, A42)), 0)), "")} | G42: {=IFERROR( INDEX(ATTENDANCE_INPUT!E:E, MATCH(1, (ATTENDANCE_INPUT!A:A=A42) * (ATTENDANCE_INPUT!V:V=_xludf.MAXIFS(ATTENDANCE_INPUT!V:V, ATTENDANCE_INPUT!A:A, A42)), 0)), "")} | H42: {=IF(ISNA(MATCH(A42,sheet2!A:A,0)),"⏳ Chưa test",IFERROR(INDEX(LEVEL_HELPER!A:A,MATCH(INDEX(sheet2!N:N,MATCH(A42,sheet2!A:A,0)),LEVEL_HELPER!B:B,0)),"⏳ Chưa test"))} -> Beginner | I42: {=IF(ISNA(MATCH(A42,sheet2!A:A,0)),H42,IF(INDEX(sheet2!O:O,MATCH(A42,sheet2!A:A,0))>0,IFERROR(INDEX(LEVEL_HELPER!A:A,MATCH(INDEX(sheet2!O:O,MATCH(A42,sheet2!A:A,0)),LEVEL_HELPER!B:B,0)),H42),H42))} -> Beginner | J42: =IFERROR(_xludf.MAXIFS(ATTENDANCE_LOG!F:F, ATTENDANCE_LOG!C:C, A42&"", ATTENDANCE_LOG!G:G, "Present"), "") | K42: =IF(J42="", "", IFERROR(TODAY()-DATEVALUE(LEFT(J42,10)), "")) | L42: =IF(AND(ISNUMBER(K42), K42>=30), "⚠ Possibly Dropped", "")
A43: 232002 | B43: HOÀNG NHƯ QUỲNH | C43: =IFERROR(__xludf.DUMMYFUNCTION("arrayformula(VLOOKUP(to_Text(A43),to_Text(sheet2!$A$1:M1002),13,0))"),"BSG") -> BSG | D43: =IFERROR(__xludf.DUMMYFUNCTION("arrayformula(VLOOKUP(to_Text(A43),to_Text(sheet2!$A$1:M1002),12,0))"),"HR") -> HR | E43: Inactive | F43: {=IFERROR( INDEX(ATTENDANCE_INPUT!D:D, MATCH(1, (ATTENDANCE_INPUT!A:A=A43) * (ATTENDANCE_INPUT!V:V=_xludf.MAXIFS(ATTENDANCE_INPUT!V:V, ATTENDANCE_INPUT!A:A, A43)), 0)), "")} | G43: {=IFERROR( INDEX(ATTENDANCE_INPUT!E:E, MATCH(1, (ATTENDANCE_INPUT!A:A=A43) * (ATTENDANCE_INPUT!V:V=_xludf.MAXIFS(ATTENDANCE_INPUT!V:V, ATTENDANCE_INPUT!A:A, A43)), 0)), "")} | H43: {=IF(ISNA(MATCH(A43,sheet2!A:A,0)),"⏳ Chưa test",IFERROR(INDEX(LEVEL_HELPER!A:A,MATCH(INDEX(sheet2!N:N,MATCH(A43,sheet2!A:A,0)),LEVEL_HELPER!B:B,0)),"⏳ Chưa test"))} -> Beginner | I43: {=IF(ISNA(MATCH(A43,sheet2!A:A,0)),H43,IF(INDEX(sheet2!O:O,MATCH(A43,sheet2!A:A,0))>0,IFERROR(INDEX(LEVEL_HELPER!A:A,MATCH(INDEX(sheet2!O:O,MATCH(A43,sheet2!A:A,0)),LEVEL_HELPER!B:B,0)),H43),H43))} -> Beginner | J43: =IFERROR(_xludf.MAXIFS(ATTENDANCE_LOG!F:F, ATTENDANCE_LOG!C:C, A43&"", ATTENDANCE_LOG!G:G, "Present"), "") | K43: =IF(J43="", "", IFERROR(TODAY()-DATEVALUE(LEFT(J43,10)), "")) | L43: =IF(AND(ISNUMBER(K43), K43>=30), "⚠ Possibly Dropped", "") | M43: Completed (no continuation) | N43: Prefer different learning format
A44: 213901 | B44: HOÀNG TIẾN DŨNG | C44: =IFERROR(__xludf.DUMMYFUNCTION("arrayformula(VLOOKUP(to_Text(A44),to_Text(sheet2!$A$1:M1002),13,0))"),"LBU") -> LBU | D44: =IFERROR(__xludf.DUMMYFUNCTION("arrayformula(VLOOKUP(to_Text(A44),to_Text(sheet2!$A$1:M1002),12,0))"),"DEV") -> DEV | E44: =IF(L44="⚠ Possibly Dropped","Inactive","Active") -> Active | F44: {=IFERROR( INDEX(ATTENDANCE_INPUT!D:D, MATCH(1, (ATTENDANCE_INPUT!A:A=A44) * (ATTENDANCE_INPUT!V:V=_xludf.MAXIFS(ATTENDANCE_INPUT!V:V, ATTENDANCE_INPUT!A:A, A44)), 0)), "")} | G44: {=IFERROR( INDEX(ATTENDANCE_INPUT!E:E, MATCH(1, (ATTENDANCE_INPUT!A:A=A44) * (ATTENDANCE_INPUT!V:V=_xludf.MAXIFS(ATTENDANCE_INPUT!V:V, ATTENDANCE_INPUT!A:A, A44)), 0)), "")} | H44: {=IF(ISNA(MATCH(A44,sheet2!A:A,0)),"⏳ Chưa test",IFERROR(INDEX(LEVEL_HELPER!A:A,MATCH(INDEX(sheet2!N:N,MATCH(A44,sheet2!A:A,0)),LEVEL_HELPER!B:B,0)),"⏳ Chưa test"))} -> Beginner | I44: {=IF(ISNA(MATCH(A44,sheet2!A:A,0)),H44,IF(INDEX(sheet2!O:O,MATCH(A44,sheet2!A:A,0))>0,IFERROR(INDEX(LEVEL_HELPER!A:A,MATCH(INDEX(sheet2!O:O,MATCH(A44,sheet2!A:A,0)),LEVEL_HELPER!B:B,0)),H44),H44))} -> Beginner | J44: =IFERROR(_xludf.MAXIFS(ATTENDANCE_LOG!F:F, ATTENDANCE_LOG!C:C, A44&"", ATTENDANCE_LOG!G:G, "Present"), "") | K44: =IF(J44="", "", IFERROR(TODAY()-DATEVALUE(LEFT(J44,10)), "")) | L44: =IF(AND(ISNUMBER(K44), K44>=30), "⚠ Possibly Dropped", "") | R44: 213886 | S44: Attend English center / 1-1 course | T44: Prefer other learning methods | U44: =IFERROR(__xludf.DUMMYFUNCTION("arrayformula(vlookup(to_text(R44),to_text($A$4:$B992),2,0))"),"#N/A") -> #N/A
A45: 183431 | B45: HOÀNG XUÂN MẪN | C45: =IFERROR(__xludf.DUMMYFUNCTION("arrayformula(VLOOKUP(to_Text(A45),to_Text(sheet2!$A$1:M1002),13,0))"),"ONC") -> ONC | D45: =IFERROR(__xludf.DUMMYFUNCTION("arrayformula(VLOOKUP(to_Text(A45),to_Text(sheet2!$A$1:M1002),12,0))"),"DEV") -> DEV | E45: =IF(L45="⚠ Possibly Dropped","Inactive","Active") -> Active | F45: {=IFERROR( INDEX(ATTENDANCE_INPUT!D:D, MATCH(1, (ATTENDANCE_INPUT!A:A=A45) * (ATTENDANCE_INPUT!V:V=_xludf.MAXIFS(ATTENDANCE_INPUT!V:V, ATTENDANCE_INPUT!A:A, A45)), 0)), "")} | G45: {=IFERROR( INDEX(ATTENDANCE_INPUT!E:E, MATCH(1, (ATTENDANCE_INPUT!A:A=A45) * (ATTENDANCE_INPUT!V:V=_xludf.MAXIFS(ATTENDANCE_INPUT!V:V, ATTENDANCE_INPUT!A:A, A45)), 0)), "")} | H45: {=IF(ISNA(MATCH(A45,sheet2!A:A,0)),"⏳ Chưa test",IFERROR(INDEX(LEVEL_HELPER!A:A,MATCH(INDEX(sheet2!N:N,MATCH(A45,sheet2!A:A,0)),LEVEL_HELPER!B:B,0)),"⏳ Chưa test"))} -> Beginner | I45: {=IF(ISNA(MATCH(A45,sheet2!A:A,0)),H45,IF(INDEX(sheet2!O:O,MATCH(A45,sheet2!A:A,0))>0,IFERROR(INDEX(LEVEL_HELPER!A:A,MATCH(INDEX(sheet2!O:O,MATCH(A45,sheet2!A:A,0)),LEVEL_HELPER!B:B,0)),H45),H45))} -> Beginner | J45: =IFERROR(_xludf.MAXIFS(ATTENDANCE_LOG!F:F, ATTENDANCE_LOG!C:C, A45&"", ATTENDANCE_LOG!G:G, "Present"), "") | K45: =IF(J45="", "", IFERROR(TODAY()-DATEVALUE(LEFT(J45,10)), "")) | L45: =IF(AND(ISNUMBER(K45), K45>=30), "⚠ Possibly Dropped", "") | M45: Completed (no continuation) | N45: Learning goal achieved | R45: 247392 | S45: High workload / Can't arrange time | T45: High workload | U45: #N/A
A46: 237043 | B46: HUỲNH BỬU BỬU | C46: =IFERROR(__xludf.DUMMYFUNCTION("arrayformula(VLOOKUP(to_Text(A46),to_Text(sheet2!$A$1:M1002),13,0))"),"LBU") -> LBU | D46: =IFERROR(__xludf.DUMMYFUNCTION("arrayformula(VLOOKUP(to_Text(A46),to_Text(sheet2!$A$1:M1002),12,0))"),"DEV") -> DEV | E46: Inactive | F46: {=IFERROR( INDEX(ATTENDANCE_INPUT!D:D, MATCH(1, (ATTENDANCE_INPUT!A:A=A46) * (ATTENDANCE_INPUT!V:V=_xludf.MAXIFS(ATTENDANCE_INPUT!V:V, ATTENDANCE_INPUT!A:A, A46)), 0)), "")} | G46: {=IFERROR( INDEX(ATTENDANCE_INPUT!E:E, MATCH(1, (ATTENDANCE_INPUT!A:A=A46) * (ATTENDANCE_INPUT!V:V=_xludf.MAXIFS(ATTENDANCE_INPUT!V:V, ATTENDANCE_INPUT!A:A, A46)), 0)), "")} | H46: {=IF(ISNA(MATCH(A46,sheet2!A:A,0)),"⏳ Chưa test",IFERROR(INDEX(LEVEL_HELPER!A:A,MATCH(INDEX(sheet2!N:N,MATCH(A46,sheet2!A:A,0)),LEVEL_HELPER!B:B,0)),"⏳ Chưa test"))} -> Beginner | I46: {=IF(ISNA(MATCH(A46,sheet2!A:A,0)),H46,IF(INDEX(sheet2!O:O,MATCH(A46,sheet2!A:A,0))>0,IFERROR(INDEX(LEVEL_HELPER!A:A,MATCH(INDEX(sheet2!O:O,MATCH(A46,sheet2!A:A,0)),LEVEL_HELPER!B:B,0)),H46),H46))} -> Beginner | J46: =IFERROR(_xludf.MAXIFS(ATTENDANCE_LOG!F:F, ATTENDANCE_LOG!C:C, A46&"", ATTENDANCE_LOG!G:G, "Present"), "") | K46: =IF(J46="", "", IFERROR(TODAY()-DATEVALUE(LEFT(J46,10)), "")) | L46: =IF(AND(ISNUMBER(K46), K46>=30), "⚠ Possibly Dropped", "") | M46: Discontinued mid-course | N46: High workload
A47: 247190 | B47: HUỲNH NGUYÊN KHANG | C47: =IFERROR(__xludf.DUMMYFUNCTION("arrayformula(VLOOKUP(to_Text(A47),to_Text(sheet2!$A$1:M1002),13,0))"),"CHORUS") -> CHORUS | D47: =IFERROR(__xludf.DUMMYFUNCTION("arrayformula(VLOOKUP(to_Text(A47),to_Text(sheet2!$A$1:M1002),12,0))"),"DEV") -> DEV | E47: Inactive | F47: {=IFERROR( INDEX(ATTENDANCE_INPUT!D:D, MATCH(1, (ATTENDANCE_INPUT!A:A=A47) * (ATTENDANCE_INPUT!V:V=_xludf.MAXIFS(ATTENDANCE_INPUT!V:V, ATTENDANCE_INPUT!A:A, A47)), 0)), "")} | G47: {=IFERROR( INDEX(ATTENDANCE_INPUT!E:E, MATCH(1, (ATTENDANCE_INPUT!A:A=A47) * (ATTENDANCE_INPUT!V:V=_xludf.MAXIFS(ATTENDANCE_INPUT!V:V, ATTENDANCE_INPUT!A:A, A47)), 0)), "")} | H47: {=IF(ISNA(MATCH(A47,sheet2!A:A,0)),"⏳ Chưa test",IFERROR(INDEX(LEVEL_HELPER!A:A,MATCH(INDEX(sheet2!N:N,MATCH(A47,sheet2!A:A,0)),LEVEL_HELPER!B:B,0)),"⏳ Chưa test"))} -> Beginner | I47: {=IF(ISNA(MATCH(A47,sheet2!A:A,0)),H47,IF(INDEX(sheet2!O:O,MATCH(A47,sheet2!A:A,0))>0,IFERROR(INDEX(LEVEL_HELPER!A:A,MATCH(INDEX(sheet2!O:O,MATCH(A47,sheet2!A:A,0)),LEVEL_HELPER!B:B,0)),H47),H47))} -> Beginner | J47: =IFERROR(_xludf.MAXIFS(ATTENDANCE_LOG!F:F, ATTENDANCE_LOG!C:C, A47&"", ATTENDANCE_LOG!G:G, "Present"), "") | K47: =IF(J47="", "", IFERROR(TODAY()-DATEVALUE(LEFT(J47,10)), "")) | L47: =IF(AND(ISNUMBER(K47), K47>=30), "⚠ Possibly Dropped", "") | M47: Discontinued mid-course | N47: High workload
A48: 247161 | B48: HUỲNH NHẬT DUY | C48: =IFERROR(__xludf.DUMMYFUNCTION("arrayformula(VLOOKUP(to_Text(A48),to_Text(sheet2!$A$1:M1002),13,0))"),"CHORUS") -> CHORUS | D48: =IFERROR(__xludf.DUMMYFUNCTION("arrayformula(VLOOKUP(to_Text(A48),to_Text(sheet2!$A$1:M1002),12,0))"),"DEV") -> DEV | E48: Inactive | F48: {=IFERROR( INDEX(ATTENDANCE_INPUT!D:D, MATCH(1, (ATTENDANCE_INPUT!A:A=A48) * (ATTENDANCE_INPUT!V:V=_xludf.MAXIFS(ATTENDANCE_INPUT!V:V, ATTENDANCE_INPUT!A:A, A48)), 0)), "")} | G48: {=IFERROR( INDEX(ATTENDANCE_INPUT!E:E, MATCH(1, (ATTENDANCE_INPUT!A:A=A48) * (ATTENDANCE_INPUT!V:V=_xludf.MAXIFS(ATTENDANCE_INPUT!V:V, ATTENDANCE_INPUT!A:A, A48)), 0)), "")} | H48: {=IF(ISNA(MATCH(A48,sheet2!A:A,0)),"⏳ Chưa test",IFERROR(INDEX(LEVEL_HELPER!A:A,MATCH(INDEX(sheet2!N:N,MATCH(A48,sheet2!A:A,0)),LEVEL_HELPER!B:B,0)),"⏳ Chưa test"))} -> Beginner | I48: {=IF(ISNA(MATCH(A48,sheet2!A:A,0)),H48,IF(INDEX(sheet2!O:O,MATCH(A48,sheet2!A:A,0))>0,IFERROR(INDEX(LEVEL_HELPER!A:A,MATCH(INDEX(sheet2!O:O,MATCH(A48,sheet2!A:A,0)),LEVEL_HELPER!B:B,0)),H48),H48))} -> Beginner | J48: =IFERROR(_xludf.MAXIFS(ATTENDANCE_LOG!F:F, ATTENDANCE_LOG!C:C, A48&"", ATTENDANCE_LOG!G:G, "Present"), "") | K48: =IF(J48="", "", IFERROR(TODAY()-DATEVALUE(LEFT(J48,10)), "")) | L48: =IF(AND(ISNUMBER(K48), K48>=30), "⚠ Possibly Dropped", "") | M48: Discontinued mid-course | N48: High workload
A49: 227244 | B49: HUỲNH PHÚC TRƯỜNG | C49: =IFERROR(__xludf.DUMMYFUNCTION("arrayformula(VLOOKUP(to_Text(A49),to_Text(sheet2!$A$1:M1002),13,0))"),"ONC") -> ONC | D49: =IFERROR(__xludf.DUMMYFUNCTION("arrayformula(VLOOKUP(to_Text(A49),to_Text(sheet2!$A$1:M1002),12,0))"),"DEV") -> DEV | E49: Active | F49: {=IFERROR( INDEX(ATTENDANCE_INPUT!D:D, MATCH(1, (ATTENDANCE_INPUT!A:A=A49) * (ATTENDANCE_INPUT!V:V=_xludf.MAXIFS(ATTENDANCE_INPUT!V:V, ATTENDANCE_INPUT!A:A, A49)), 0)), "")} | G49: {=IFERROR( INDEX(ATTENDANCE_INPUT!E:E, MATCH(1, (ATTENDANCE_INPUT!A:A=A49) * (ATTENDANCE_INPUT!V:V=_xludf.MAXIFS(ATTENDANCE_INPUT!V:V, ATTENDANCE_INPUT!A:A, A49)), 0)), "")} | H49: {=IF(ISNA(MATCH(A49,sheet2!A:A,0)),"⏳ Chưa test",IFERROR(INDEX(LEVEL_HELPER!A:A,MATCH(INDEX(sheet2!N:N,MATCH(A49,sheet2!A:A,0)),LEVEL_HELPER!B:B,0)),"⏳ Chưa test"))} -> Pre-Intermediate | I49: {=IF(ISNA(MATCH(A49,sheet2!A:A,0)),H49,IF(INDEX(sheet2!O:O,MATCH(A49,sheet2!A:A,0))>0,IFERROR(INDEX(LEVEL_HELPER!A:A,MATCH(INDEX(sheet2!O:O,MATCH(A49,sheet2!A:A,0)),LEVEL_HELPER!B:B,0)),H49),H49))} -> Pre-Intermediate | J49: =IFERROR(_xludf.MAXIFS(ATTENDANCE_LOG!F:F, ATTENDANCE_LOG!C:C, A49&"", ATTENDANCE_LOG!G:G, "Present"), "") | K49: =IF(J49="", "", IFERROR(TODAY()-DATEVALUE(LEFT(J49,10)), "")) | L49: =IF(AND(ISNUMBER(K49), K49>=30), "⚠ Possibly Dropped", "") | O49: Final test on Apr 24, need to ask if they'll continue
A50: 237235 | B50: HUỲNH TẤN LỘC | C50: =IFERROR(__xludf.DUMMYFUNCTION("arrayformula(VLOOKUP(to_Text(A50),to_Text(sheet2!$A$1:M1002),13,0))"),"CHORUS") -> CHORUS | D50: =IFERROR(__xludf.DUMMYFUNCTION("arrayformula(VLOOKUP(to_Text(A50),to_Text(sheet2!$A$1:M1002),12,0))"),"QC") -> QC | E50: =IF(L50="⚠ Possibly Dropped","Inactive","Active") -> Active | F50: {=IFERROR( INDEX(ATTENDANCE_INPUT!D:D, MATCH(1, (ATTENDANCE_INPUT!A:A=A50) * (ATTENDANCE_INPUT!V:V=_xludf.MAXIFS(ATTENDANCE_INPUT!V:V, ATTENDANCE_INPUT!A:A, A50)), 0)), "")} | G50: {=IFERROR( INDEX(ATTENDANCE_INPUT!E:E, MATCH(1, (ATTENDANCE_INPUT!A:A=A50) * (ATTENDANCE_INPUT!V:V=_xludf.MAXIFS(ATTENDANCE_INPUT!V:V, ATTENDANCE_INPUT!A:A, A50)), 0)), "")} | H50: {=IF(ISNA(MATCH(A50,sheet2!A:A,0)),"⏳ Chưa test",IFERROR(INDEX(LEVEL_HELPER!A:A,MATCH(INDEX(sheet2!N:N,MATCH(A50,sheet2!A:A,0)),LEVEL_HELPER!B:B,0)),"⏳ Chưa test"))} -> Pre-Intermediate | I50: {=IF(ISNA(MATCH(A50,sheet2!A:A,0)),H50,IF(INDEX(sheet2!O:O,MATCH(A50,sheet2!A:A,0))>0,IFERROR(INDEX(LEVEL_HELPER!A:A,MATCH(INDEX(sheet2!O:O,MATCH(A50,sheet2!A:A,0)),LEVEL_HELPER!B:B,0)),H50),H50))} -> Pre-Intermediate | J50: =IFERROR(_xludf.MAXIFS(ATTENDANCE_LOG!F:F, ATTENDANCE_LOG!C:C, A50&"", ATTENDANCE_LOG!G:G, "Present"), "") | K50: =IF(J50="", "", IFERROR(TODAY()-DATEVALUE(LEFT(J50,10)), "")) | L50: =IF(AND(ISNUMBER(K50), K50>=30), "⚠ Possibly Dropped", "") | M50: Completed (no continuation) | N50: High workload
A51: 237117 | B51: HUỲNH TẤN PHÁT | C51: =IFERROR(__xludf.DUMMYFUNCTION("arrayformula(VLOOKUP(to_Text(A51),to_Text(sheet2!$A$1:M1002),13,0))"),"TBU") -> TBU | D51: =IFERROR(__xludf.DUMMYFUNCTION("arrayformula(VLOOKUP(to_Text(A51),to_Text(sheet2!$A$1:M1002),12,0))"),"DEV") -> DEV | E51: Active | F51: {=IFERROR( INDEX(ATTENDANCE_INPUT!D:D, MATCH(1, (ATTENDANCE_INPUT!A:A=A51) * (ATTENDANCE_INPUT!V:V=_xludf.MAXIFS(ATTENDANCE_INPUT!V:V, ATTENDANCE_INPUT!A:A, A51)), 0)), "")} | G51: {=IFERROR( INDEX(ATTENDANCE_INPUT!E:E, MATCH(1, (ATTENDANCE_INPUT!A:A=A51) * (ATTENDANCE_INPUT!V:V=_xludf.MAXIFS(ATTENDANCE_INPUT!V:V, ATTENDANCE_INPUT!A:A, A51)), 0)), "")} | H51: {=IF(ISNA(MATCH(A51,sheet2!A:A,0)),"⏳ Chưa test",IFERROR(INDEX(LEVEL_HELPER!A:A,MATCH(INDEX(sheet2!N:N,MATCH(A51,sheet2!A:A,0)),LEVEL_HELPER!B:B,0)),"⏳ Chưa test"))} -> ⏳ Chưa test | I51: {=IF(ISNA(MATCH(A51,sheet2!A:A,0)),H51,IF(INDEX(sheet2!O:O,MATCH(A51,sheet2!A:A,0))>0,IFERROR(INDEX(LEVEL_HELPER!A:A,MATCH(INDEX(sheet2!O:O,MATCH(A51,sheet2!A:A,0)),LEVEL_HELPER!B:B,0)),H51),H51))} -> ⏳ Chưa test | J51: =IFERROR(_xludf.MAXIFS(ATTENDANCE_LOG!F:F, ATTENDANCE_LOG!C:C, A51&"", ATTENDANCE_LOG!G:G, "Present"), "") | K51: =IF(J51="", "", IFERROR(TODAY()-DATEVALUE(LEFT(J51,10)), "")) | L51: =IF(AND(ISNUMBER(K51), K51>=30), "⚠ Possibly Dropped", "") | R51: 237152 | S51: High workload / Can't arrange time | T51: High workload | U51: =IFERROR(__xludf.DUMMYFUNCTION("arrayformula(vlookup(to_text(R51),to_text($A$4:$B992),2,0))"),"#N/A") -> #N/A
A52: 193445 | B52: HUỲNH THỊ BẢO YẾN | C52: =IFERROR(__xludf.DUMMYFUNCTION("arrayformula(VLOOKUP(to_Text(A52),to_Text(sheet2!$A$1:M1002),13,0))"),"MOC") -> MOC | D52: =IFERROR(__xludf.DUMMYFUNCTION("arrayformula(VLOOKUP(to_Text(A52),to_Text(sheet2!$A$1:M1002),12,0))"),"QC") -> QC | E52: Inactive | F52: {=IFERROR( INDEX(ATTENDANCE_INPUT!D:D, MATCH(1, (ATTENDANCE_INPUT!A:A=A52) * (ATTENDANCE_INPUT!V:V=_xludf.MAXIFS(ATTENDANCE_INPUT!V:V, ATTENDANCE_INPUT!A:A, A52)), 0)), "")} | G52: {=IFERROR( INDEX(ATTENDANCE_INPUT!E:E, MATCH(1, (ATTENDANCE_INPUT!A:A=A52) * (ATTENDANCE_INPUT!V:V=_xludf.MAXIFS(ATTENDANCE_INPUT!V:V, ATTENDANCE_INPUT!A:A, A52)), 0)), "")} | H52: {=IF(ISNA(MATCH(A52,sheet2!A:A,0)),"⏳ Chưa test",IFERROR(INDEX(LEVEL_HELPER!A:A,MATCH(INDEX(sheet2!N:N,MATCH(A52,sheet2!A:A,0)),LEVEL_HELPER!B:B,0)),"⏳ Chưa test"))} -> Beginner 2 | I52: {=IF(ISNA(MATCH(A52,sheet2!A:A,0)),H52,IF(INDEX(sheet2!O:O,MATCH(A52,sheet2!A:A,0))>0,IFERROR(INDEX(LEVEL_HELPER!A:A,MATCH(INDEX(sheet2!O:O,MATCH(A52,sheet2!A:A,0)),LEVEL_HELPER!B:B,0)),H52),H52))} -> Beginner 2 | J52: =IFERROR(_xludf.MAXIFS(ATTENDANCE_LOG!F:F, ATTENDANCE_LOG!C:C, A52&"", ATTENDANCE_LOG!G:G, "Present"), "") | K52: =IF(J52="", "", IFERROR(TODAY()-DATEVALUE(LEFT(J52,10)), "")) | L52: =IF(AND(ISNUMBER(K52), K52>=30), "⚠ Possibly Dropped", "") | M52: Completed (no continuation) | N52: Learning goal achieved
A53: 213815 | B53: HUỲNH TRẦN HẢI LONG | C53: =IFERROR(__xludf.DUMMYFUNCTION("arrayformula(VLOOKUP(to_Text(A53),to_Text(sheet2!$A$1:M1002),13,0))"),"MOC") -> MOC | D53: =IFERROR(__xludf.DUMMYFUNCTION("arrayformula(VLOOKUP(to_Text(A53),to_Text(sheet2!$A$1:M1002),12,0))"),"DEV") -> DEV | E53: Inactive | F53: {=IFERROR( INDEX(ATTENDANCE_INPUT!D:D, MATCH(1, (ATTENDANCE_INPUT!A:A=A53) * (ATTENDANCE_INPUT!V:V=_xludf.MAXIFS(ATTENDANCE_INPUT!V:V, ATTENDANCE_INPUT!A:A, A53)), 0)), "")} | G53: {=IFERROR( INDEX(ATTENDANCE_INPUT!E:E, MATCH(1, (ATTENDANCE_INPUT!A:A=A53) * (ATTENDANCE_INPUT!V:V=_xludf.MAXIFS(ATTENDANCE_INPUT!V:V, ATTENDANCE_INPUT!A:A, A53)), 0)), "")} | H53: {=IF(ISNA(MATCH(A53,sheet2!A:A,0)),"⏳ Chưa test",IFERROR(INDEX(LEVEL_HELPER!A:A,MATCH(INDEX(sheet2!N:N,MATCH(A53,sheet2!A:A,0)),LEVEL_HELPER!B:B,0)),"⏳ Chưa test"))} -> Beginner | I53: {=IF(ISNA(MATCH(A53,sheet2!A:A,0)),H53,IF(INDEX(sheet2!O:O,MATCH(A53,sheet2!A:A,0))>0,IFERROR(INDEX(LEVEL_HELPER!A:A,MATCH(INDEX(sheet2!O:O,MATCH(A53,sheet2!A:A,0)),LEVEL_HELPER!B:B,0)),H53),H53))} -> Beginner | J53: =IFERROR(_xludf.MAXIFS(ATTENDANCE_LOG!F:F, ATTENDANCE_LOG!C:C, A53&"", ATTENDANCE_LOG!G:G, "Present"), "") | K53: =IF(J53="", "", IFERROR(TODAY()-DATEVALUE(LEFT(J53,10)), "")) | L53: =IF(AND(ISNUMBER(K53), K53>=30), "⚠ Possibly Dropped", "") | M53: Completed (no continuation) | N53: Learning goal achieved
A54: 193499 | B54: HUỲNH TUẤN KHANH | C54: =IFERROR(__xludf.DUMMYFUNCTION("arrayformula(VLOOKUP(to_Text(A54),to_Text(sheet2!$A$1:M1002),13,0))"),"ONC") -> ONC | D54: =IFERROR(__xludf.DUMMYFUNCTION("arrayformula(VLOOKUP(to_Text(A54),to_Text(sheet2!$A$1:M1002),12,0))"),"DEV") -> DEV | E54: =IF(L54="⚠ Possibly Dropped","Inactive","Active") -> Active | F54: {=IFERROR( INDEX(ATTENDANCE_INPUT!D:D, MATCH(1, (ATTENDANCE_INPUT!A:A=A54) * (ATTENDANCE_INPUT!V:V=_xludf.MAXIFS(ATTENDANCE_INPUT!V:V, ATTENDANCE_INPUT!A:A, A54)), 0)), "")} | G54: {=IFERROR( INDEX(ATTENDANCE_INPUT!E:E, MATCH(1, (ATTENDANCE_INPUT!A:A=A54) * (ATTENDANCE_INPUT!V:V=_xludf.MAXIFS(ATTENDANCE_INPUT!V:V, ATTENDANCE_INPUT!A:A, A54)), 0)), "")} | H54: {=IF(ISNA(MATCH(A54,sheet2!A:A,0)),"⏳ Chưa test",IFERROR(INDEX(LEVEL_HELPER!A:A,MATCH(INDEX(sheet2!N:N,MATCH(A54,sheet2!A:A,0)),LEVEL_HELPER!B:B,0)),"⏳ Chưa test"))} -> Beginner | I54: {=IF(ISNA(MATCH(A54,sheet2!A:A,0)),H54,IF(INDEX(sheet2!O:O,MATCH(A54,sheet2!A:A,0))>0,IFERROR(INDEX(LEVEL_HELPER!A:A,MATCH(INDEX(sheet2!O:O,MATCH(A54,sheet2!A:A,0)),LEVEL_HELPER!B:B,0)),H54),H54))} -> Beginner | J54: =IFERROR(_xludf.MAXIFS(ATTENDANCE_LOG!F:F, ATTENDANCE_LOG!C:C, A54&"", ATTENDANCE_LOG!G:G, "Present"), "") | K54: =IF(J54="", "", IFERROR(TODAY()-DATEVALUE(LEFT(J54,10)), "")) | L54: =IF(AND(ISNUMBER(K54), K54>=30), "⚠ Possibly Dropped", "") | M54: Completed (no continuation) | N54: Learning goal achieved | R54: 247271 | S54: High workload / Can't arrange time | T54: High workload | U54: #N/A
A55: 237008 | B55: LẠC MINH HOÀNG | C55: =IFERROR(__xludf.DUMMYFUNCTION("arrayformula(VLOOKUP(to_Text(A55),to_Text(sheet2!$A$1:M1002),13,0))"),"LBU") -> LBU | D55: =IFERROR(__xludf.DUMMYFUNCTION("arrayformula(VLOOKUP(to_Text(A55),to_Text(sheet2!$A$1:M1002),12,0))"),"GSD") -> GSD | E55: =IF(L55="⚠ Possibly Dropped","Inactive","Active") -> Active | F55: {=IFERROR( INDEX(ATTENDANCE_INPUT!D:D, MATCH(1, (ATTENDANCE_INPUT!A:A=A55) * (ATTENDANCE_INPUT!V:V=_xludf.MAXIFS(ATTENDANCE_INPUT!V:V, ATTENDANCE_INPUT!A:A, A55)), 0)), "")} | G55: {=IFERROR( INDEX(ATTENDANCE_INPUT!E:E, MATCH(1, (ATTENDANCE_INPUT!A:A=A55) * (ATTENDANCE_INPUT!V:V=_xludf.MAXIFS(ATTENDANCE_INPUT!V:V, ATTENDANCE_INPUT!A:A, A55)), 0)), "")} | H55: {=IF(ISNA(MATCH(A55,sheet2!A:A,0)),"⏳ Chưa test",IFERROR(INDEX(LEVEL_HELPER!A:A,MATCH(INDEX(sheet2!N:N,MATCH(A55,sheet2!A:A,0)),LEVEL_HELPER!B:B,0)),"⏳ Chưa test"))} -> Beginner 2 | I55: {=IF(ISNA(MATCH(A55,sheet2!A:A,0)),H55,IF(INDEX(sheet2!O:O,MATCH(A55,sheet2!A:A,0))>0,IFERROR(INDEX(LEVEL_HELPER!A:A,MATCH(INDEX(sheet2!O:O,MATCH(A55,sheet2!A:A,0)),LEVEL_HELPER!B:B,0)),H55),H55))} -> Beginner 2 | J55: =IFERROR(_xludf.MAXIFS(ATTENDANCE_LOG!F:F, ATTENDANCE_LOG!C:C, A55&"", ATTENDANCE_LOG!G:G, "Present"), "") | K55: =IF(J55="", "", IFERROR(TODAY()-DATEVALUE(LEFT(J55,10)), "")) | L55: =IF(AND(ISNUMBER(K55), K55>=30), "⚠ Possibly Dropped", "")
A56: 237238 | B56: LẠI MINH HIẾU | C56: =IFERROR(__xludf.DUMMYFUNCTION("arrayformula(VLOOKUP(to_Text(A56),to_Text(sheet2!$A$1:M1002),13,0))"),"CHORUS") -> CHORUS | D56: =IFERROR(__xludf.DUMMYFUNCTION("arrayformula(VLOOKUP(to_Text(A56),to_Text(sheet2!$A$1:M1002),12,0))"),"DEV") -> DEV | E56: =IF(L56="⚠ Possibly Dropped","Inactive","Active") -> Active | F56: {=IFERROR( INDEX(ATTENDANCE_INPUT!D:D, MATCH(1, (ATTENDANCE_INPUT!A:A=A56) * (ATTENDANCE_INPUT!V:V=_xludf.MAXIFS(ATTENDANCE_INPUT!V:V, ATTENDANCE_INPUT!A:A, A56)), 0)), "")} | G56: {=IFERROR( INDEX(ATTENDANCE_INPUT!E:E, MATCH(1, (ATTENDANCE_INPUT!A:A=A56) * (ATTENDANCE_INPUT!V:V=_xludf.MAXIFS(ATTENDANCE_INPUT!V:V, ATTENDANCE_INPUT!A:A, A56)), 0)), "")} | H56: {=IF(ISNA(MATCH(A56,sheet2!A:A,0)),"⏳ Chưa test",IFERROR(INDEX(LEVEL_HELPER!A:A,MATCH(INDEX(sheet2!N:N,MATCH(A56,sheet2!A:A,0)),LEVEL_HELPER!B:B,0)),"⏳ Chưa test"))} -> Beginner | I56: {=IF(ISNA(MATCH(A56,sheet2!A:A,0)),H56,IF(INDEX(sheet2!O:O,MATCH(A56,sheet2!A:A,0))>0,IFERROR(INDEX(LEVEL_HELPER!A:A,MATCH(INDEX(sheet2!O:O,MATCH(A56,sheet2!A:A,0)),LEVEL_HELPER!B:B,0)),H56),H56))} -> Beginner | J56: =IFERROR(_xludf.MAXIFS(ATTENDANCE_LOG!F:F, ATTENDANCE_LOG!C:C, A56&"", ATTENDANCE_LOG!G:G, "Present"), "") | K56: =IF(J56="", "", IFERROR(TODAY()-DATEVALUE(LEFT(J56,10)), "")) | L56: =IF(AND(ISNUMBER(K56), K56>=30), "⚠ Possibly Dropped", "") | M56: Completed (no continuation) | N56: High workload
A57: 203748 | B57: LÂM MINH HOÀNG | C57: =IFERROR(__xludf.DUMMYFUNCTION("arrayformula(VLOOKUP(to_Text(A57),to_Text(sheet2!$A$1:M1002),13,0))"),"POC") -> POC | D57: =IFERROR(__xludf.DUMMYFUNCTION("arrayformula(VLOOKUP(to_Text(A57),to_Text(sheet2!$A$1:M1002),12,0))"),"GSD") -> GSD | E57: =IF(L57="⚠ Possibly Dropped","Inactive","Active") -> Active | F57: {=IFERROR( INDEX(ATTENDANCE_INPUT!D:D, MATCH(1, (ATTENDANCE_INPUT!A:A=A57) * (ATTENDANCE_INPUT!V:V=_xludf.MAXIFS(ATTENDANCE_INPUT!V:V, ATTENDANCE_INPUT!A:A, A57)), 0)), "")} | G57: {=IFERROR( INDEX(ATTENDANCE_INPUT!E:E, MATCH(1, (ATTENDANCE_INPUT!A:A=A57) * (ATTENDANCE_INPUT!V:V=_xludf.MAXIFS(ATTENDANCE_INPUT!V:V, ATTENDANCE_INPUT!A:A, A57)), 0)), "")} | H57: {=IF(ISNA(MATCH(A57,sheet2!A:A,0)),"⏳ Chưa test",IFERROR(INDEX(LEVEL_HELPER!A:A,MATCH(INDEX(sheet2!N:N,MATCH(A57,sheet2!A:A,0)),LEVEL_HELPER!B:B,0)),"⏳ Chưa test"))} -> Beginner | I57: {=IF(ISNA(MATCH(A57,sheet2!A:A,0)),H57,IF(INDEX(sheet2!O:O,MATCH(A57,sheet2!A:A,0))>0,IFERROR(INDEX(LEVEL_HELPER!A:A,MATCH(INDEX(sheet2!O:O,MATCH(A57,sheet2!A:A,0)),LEVEL_HELPER!B:B,0)),H57),H57))} -> Beginner | J57: =IFERROR(_xludf.MAXIFS(ATTENDANCE_LOG!F:F, ATTENDANCE_LOG!C:C, A57&"", ATTENDANCE_LOG!G:G, "Present"), "") | K57: =IF(J57="", "", IFERROR(TODAY()-DATEVALUE(LEFT(J57,10)), "")) | L57: =IF(AND(ISNUMBER(K57), K57>=30), "⚠ Possibly Dropped", "") | M57: Discontinued mid-course | N57: High workload
A58: 213859 | B58: LÂM THỊ YẾN NHI | C58: =IFERROR(__xludf.DUMMYFUNCTION("arrayformula(VLOOKUP(to_Text(A58),to_Text(sheet2!$A$1:M1002),13,0))"),"MOC") -> MOC | D58: =IFERROR(__xludf.DUMMYFUNCTION("arrayformula(VLOOKUP(to_Text(A58),to_Text(sheet2!$A$1:M1002),12,0))"),"GSD") -> GSD | E58: =IF(L58="⚠ Possibly Dropped","Inactive","Active") -> Active | F58: {=IFERROR( INDEX(ATTENDANCE_INPUT!D:D, MATCH(1, (ATTENDANCE_INPUT!A:A=A58) * (ATTENDANCE_INPUT!V:V=_xludf.MAXIFS(ATTENDANCE_INPUT!V:V, ATTENDANCE_INPUT!A:A, A58)), 0)), "")} | G58: {=IFERROR( INDEX(ATTENDANCE_INPUT!E:E, MATCH(1, (ATTENDANCE_INPUT!A:A=A58) * (ATTENDANCE_INPUT!V:V=_xludf.MAXIFS(ATTENDANCE_INPUT!V:V, ATTENDANCE_INPUT!A:A, A58)), 0)), "")} | H58: {=IF(ISNA(MATCH(A58,sheet2!A:A,0)),"⏳ Chưa test",IFERROR(INDEX(LEVEL_HELPER!A:A,MATCH(INDEX(sheet2!N:N,MATCH(A58,sheet2!A:A,0)),LEVEL_HELPER!B:B,0)),"⏳ Chưa test"))} -> ⏳ Chưa test | I58: {=IF(ISNA(MATCH(A58,sheet2!A:A,0)),H58,IF(INDEX(sheet2!O:O,MATCH(A58,sheet2!A:A,0))>0,IFERROR(INDEX(LEVEL_HELPER!A:A,MATCH(INDEX(sheet2!O:O,MATCH(A58,sheet2!A:A,0)),LEVEL_HELPER!B:B,0)),H58),H58))} -> ⏳ Chưa test | J58: =IFERROR(_xludf.MAXIFS(ATTENDANCE_LOG!F:F, ATTENDANCE_LOG!C:C, A58&"", ATTENDANCE_LOG!G:G, "Present"), "") | K58: =IF(J58="", "", IFERROR(TODAY()-DATEVALUE(LEFT(J58,10)), "")) | L58: =IF(AND(ISNUMBER(K58), K58>=30), "⚠ Possibly Dropped", "")
A59: 193584 | B59: LÂM VĂN TIẾN | C59: =IFERROR(__xludf.DUMMYFUNCTION("arrayformula(VLOOKUP(to_Text(A59),to_Text(sheet2!$A$1:M1002),13,0))"),"LBU") -> LBU | D59: =IFERROR(__xludf.DUMMYFUNCTION("arrayformula(VLOOKUP(to_Text(A59),to_Text(sheet2!$A$1:M1002),12,0))"),"GSD") -> GSD | E59: =IF(L59="⚠ Possibly Dropped","Inactive","Active") -> Active | F59: {=IFERROR( INDEX(ATTENDANCE_INPUT!D:D, MATCH(1, (ATTENDANCE_INPUT!A:A=A59) * (ATTENDANCE_INPUT!V:V=_xludf.MAXIFS(ATTENDANCE_INPUT!V:V, ATTENDANCE_INPUT!A:A, A59)), 0)), "")} | G59: {=IFERROR( INDEX(ATTENDANCE_INPUT!E:E, MATCH(1, (ATTENDANCE_INPUT!A:A=A59) * (ATTENDANCE_INPUT!V:V=_xludf.MAXIFS(ATTENDANCE_INPUT!V:V, ATTENDANCE_INPUT!A:A, A59)), 0)), "")} | H59: {=IF(ISNA(MATCH(A59,sheet2!A:A,0)),"⏳ Chưa test",IFERROR(INDEX(LEVEL_HELPER!A:A,MATCH(INDEX(sheet2!N:N,MATCH(A59,sheet2!A:A,0)),LEVEL_HELPER!B:B,0)),"⏳ Chưa test"))} -> Beginner | I59: {=IF(ISNA(MATCH(A59,sheet2!A:A,0)),H59,IF(INDEX(sheet2!O:O,MATCH(A59,sheet2!A:A,0))>0,IFERROR(INDEX(LEVEL_HELPER!A:A,MATCH(INDEX(sheet2!O:O,MATCH(A59,sheet2!A:A,0)),LEVEL_HELPER!B:B,0)),H59),H59))} -> Beginner | J59: =IFERROR(_xludf.MAXIFS(ATTENDANCE_LOG!F:F, ATTENDANCE_LOG!C:C, A59&"", ATTENDANCE_LOG!G:G, "Present"), "") | K59: =IF(J59="", "", IFERROR(TODAY()-DATEVALUE(LEFT(J59,10)), "")) | L59: =IF(AND(ISNUMBER(K59), K59>=30), "⚠ Possibly Dropped", "")
A60: 173286 | B60: LÊ ANH TIẾN | C60: =IFERROR(__xludf.DUMMYFUNCTION("arrayformula(VLOOKUP(to_Text(A60),to_Text(sheet2!$A$1:M1002),13,0))"),"ONC") -> ONC | D60: =IFERROR(__xludf.DUMMYFUNCTION("arrayformula(VLOOKUP(to_Text(A60),to_Text(sheet2!$A$1:M1002),12,0))"),"DEV") -> DEV | E60: Waiting for class | F60: {=IFERROR( INDEX(ATTENDANCE_INPUT!D:D, MATCH(1, (ATTENDANCE_INPUT!A:A=A60) * (ATTENDANCE_INPUT!V:V=_xludf.MAXIFS(ATTENDANCE_INPUT!V:V, ATTENDANCE_INPUT!A:A, A60)), 0)), "")} | G60: {=IFERROR( INDEX(ATTENDANCE_INPUT!E:E, MATCH(1, (ATTENDANCE_INPUT!A:A=A60) * (ATTENDANCE_INPUT!V:V=_xludf.MAXIFS(ATTENDANCE_INPUT!V:V, ATTENDANCE_INPUT!A:A, A60)), 0)), "")} | H60: {=IF(ISNA(MATCH(A60,sheet2!A:A,0)),"⏳ Chưa test",IFERROR(INDEX(LEVEL_HELPER!A:A,MATCH(INDEX(sheet2!N:N,MATCH(A60,sheet2!A:A,0)),LEVEL_HELPER!B:B,0)),"⏳ Chưa test"))} -> Pre-Intermediate | I60: {=IF(ISNA(MATCH(A60,sheet2!A:A,0)),H60,IF(INDEX(sheet2!O:O,MATCH(A60,sheet2!A:A,0))>0,IFERROR(INDEX(LEVEL_HELPER!A:A,MATCH(INDEX(sheet2!O:O,MATCH(A60,sheet2!A:A,0)),LEVEL_HELPER!B:B,0)),H60),H60))} -> Pre-Intermediate | J60: =IFERROR(_xludf.MAXIFS(ATTENDANCE_LOG!F:F, ATTENDANCE_LOG!C:C, A60&"", ATTENDANCE_LOG!G:G, "Present"), "") | K60: =IF(J60="", "", IFERROR(TODAY()-DATEVALUE(LEFT(J60,10)), "")) | L60: =IF(AND(ISNUMBER(K60), K60>=30), "⚠ Possibly Dropped", "")
A61: 227200 | B61: LÊ CÔNG DUY | C61: =IFERROR(__xludf.DUMMYFUNCTION("arrayformula(VLOOKUP(to_Text(A61),to_Text(sheet2!$A$1:M1002),13,0))"),"CHORUS") -> CHORUS | D61: =IFERROR(__xludf.DUMMYFUNCTION("arrayformula(VLOOKUP(to_Text(A61),to_Text(sheet2!$A$1:M1002),12,0))"),"UI/UX") -> UI/UX | E61: Inactive | F61: {=IFERROR( INDEX(ATTENDANCE_INPUT!D:D, MATCH(1, (ATTENDANCE_INPUT!A:A=A61) * (ATTENDANCE_INPUT!V:V=_xludf.MAXIFS(ATTENDANCE_INPUT!V:V, ATTENDANCE_INPUT!A:A, A61)), 0)), "")} | G61: {=IFERROR( INDEX(ATTENDANCE_INPUT!E:E, MATCH(1, (ATTENDANCE_INPUT!A:A=A61) * (ATTENDANCE_INPUT!V:V=_xludf.MAXIFS(ATTENDANCE_INPUT!V:V, ATTENDANCE_INPUT!A:A, A61)), 0)), "")} | H61: {=IF(ISNA(MATCH(A61,sheet2!A:A,0)),"⏳ Chưa test",IFERROR(INDEX(LEVEL_HELPER!A:A,MATCH(INDEX(sheet2!N:N,MATCH(A61,sheet2!A:A,0)),LEVEL_HELPER!B:B,0)),"⏳ Chưa test"))} -> Beginner | I61: {=IF(ISNA(MATCH(A61,sheet2!A:A,0)),H61,IF(INDEX(sheet2!O:O,MATCH(A61,sheet2!A:A,0))>0,IFERROR(INDEX(LEVEL_HELPER!A:A,MATCH(INDEX(sheet2!O:O,MATCH(A61,sheet2!A:A,0)),LEVEL_HELPER!B:B,0)),H61),H61))} -> Beginner | J61: =IFERROR(_xludf.MAXIFS(ATTENDANCE_LOG!F:F, ATTENDANCE_LOG!C:C, A61&"", ATTENDANCE_LOG!G:G, "Present"), "") | K61: =IF(J61="", "", IFERROR(TODAY()-DATEVALUE(LEFT(J61,10)), "")) | L61: =IF(AND(ISNUMBER(K61), K61>=30), "⚠ Possibly Dropped", "") | M61: Completed (no continuation) | N61: High workload
A62: 143071 | B62: LÊ ĐẮC CƯỜNG | C62: =IFERROR(__xludf.DUMMYFUNCTION("arrayformula(VLOOKUP(to_Text(A62),to_Text(sheet2!$A$1:M1002),13,0))"),"CHORUS") -> CHORUS | D62: =IFERROR(__xludf.DUMMYFUNCTION("arrayformula(VLOOKUP(to_Text(A62),to_Text(sheet2!$A$1:M1002),12,0))"),"Management") -> Management | E62: =IF(L62="⚠ Possibly Dropped","Inactive","Active") -> Active | F62: {=IFERROR( INDEX(ATTENDANCE_INPUT!D:D, MATCH(1, (ATTENDANCE_INPUT!A:A=A62) * (ATTENDANCE_INPUT!V:V=_xludf.MAXIFS(ATTENDANCE_INPUT!V:V, ATTENDANCE_INPUT!A:A, A62)), 0)), "")} | G62: {=IFERROR( INDEX(ATTENDANCE_INPUT!E:E, MATCH(1, (ATTENDANCE_INPUT!A:A=A62) * (ATTENDANCE_INPUT!V:V=_xludf.MAXIFS(ATTENDANCE_INPUT!V:V, ATTENDANCE_INPUT!A:A, A62)), 0)), "")} | H62: {=IF(ISNA(MATCH(A62,sheet2!A:A,0)),"⏳ Chưa test",IFERROR(INDEX(LEVEL_HELPER!A:A,MATCH(INDEX(sheet2!N:N,MATCH(A62,sheet2!A:A,0)),LEVEL_HELPER!B:B,0)),"⏳ Chưa test"))} -> Intermediate | I62: {=IF(ISNA(MATCH(A62,sheet2!A:A,0)),H62,IF(INDEX(sheet2!O:O,MATCH(A62,sheet2!A:A,0))>0,IFERROR(INDEX(LEVEL_HELPER!A:A,MATCH(INDEX(sheet2!O:O,MATCH(A62,sheet2!A:A,0)),LEVEL_HELPER!B:B,0)),H62),H62))} -> Intermediate | J62: =IFERROR(_xludf.MAXIFS(ATTENDANCE_LOG!F:F, ATTENDANCE_LOG!C:C, A62&"", ATTENDANCE_LOG!G:G, "Present"), "") | K62: =IF(J62="", "", IFERROR(TODAY()-DATEVALUE(LEFT(J62,10)), "")) | L62: =IF(AND(ISNUMBER(K62), K62>=30), "⚠ Possibly Dropped", "") | M62: Discontinued mid-course | N62: High workload
A63: 203780 | B63: LÊ HOÀNG NGUYỄN | C63: =IFERROR(__xludf.DUMMYFUNCTION("arrayformula(VLOOKUP(to_Text(A63),to_Text(sheet2!$A$1:M1002),13,0))"),"TBU") -> TBU | D63: =IFERROR(__xludf.DUMMYFUNCTION("arrayformula(VLOOKUP(to_Text(A63),to_Text(sheet2!$A$1:M1002),12,0))"),"QC") -> QC | E63: Active | F63: {=IFERROR( INDEX(ATTENDANCE_INPUT!D:D, MATCH(1, (ATTENDANCE_INPUT!A:A=A63) * (ATTENDANCE_INPUT!V:V=_xludf.MAXIFS(ATTENDANCE_INPUT!V:V, ATTENDANCE_INPUT!A:A, A63)), 0)), "")} | G63: {=IFERROR( INDEX(ATTENDANCE_INPUT!E:E, MATCH(1, (ATTENDANCE_INPUT!A:A=A63) * (ATTENDANCE_INPUT!V:V=_xludf.MAXIFS(ATTENDANCE_INPUT!V:V, ATTENDANCE_INPUT!A:A, A63)), 0)), "")} | H63: {=IF(ISNA(MATCH(A63,sheet2!A:A,0)),"⏳ Chưa test",IFERROR(INDEX(LEVEL_HELPER!A:A,MATCH(INDEX(sheet2!N:N,MATCH(A63,sheet2!A:A,0)),LEVEL_HELPER!B:B,0)),"⏳ Chưa test"))} -> ⏳ Chưa test | I63: {=IF(ISNA(MATCH(A63,sheet2!A:A,0)),H63,IF(INDEX(sheet2!O:O,MATCH(A63,sheet2!A:A,0))>0,IFERROR(INDEX(LEVEL_HELPER!A:A,MATCH(INDEX(sheet2!O:O,MATCH(A63,sheet2!A:A,0)),LEVEL_HELPER!B:B,0)),H63),H63))} -> ⏳ Chưa test | J63: =IFERROR(_xludf.MAXIFS(ATTENDANCE_LOG!F:F, ATTENDANCE_LOG!C:C, A63&"", ATTENDANCE_LOG!G:G, "Present"), "") | K63: =IF(J63="", "", IFERROR(TODAY()-DATEVALUE(LEFT(J63,10)), "")) | L63: =IF(AND(ISNUMBER(K63), K63>=30), "⚠ Possibly Dropped", "") | R63: 247273 | S63: High workload / Can't arrange time | T63: High workload | U63: =IFERROR(__xludf.DUMMYFUNCTION("arrayformula(vlookup(to_text(R63),to_text($A$4:$B1003),2,0))"),"#N/A") -> #N/A
A64: 193534 | B64: LÊ HỒNG QUÂN | C64: =IFERROR(__xludf.DUMMYFUNCTION("arrayformula(VLOOKUP(to_Text(A64),to_Text(sheet2!$A$1:M1002),13,0))"),"POC") -> POC | D64: =IFERROR(__xludf.DUMMYFUNCTION("arrayformula(VLOOKUP(to_Text(A64),to_Text(sheet2!$A$1:M1002),12,0))"),"DEV") -> DEV | E64: =IF(L64="⚠ Possibly Dropped","Inactive","Active") -> Active | F64: {=IFERROR( INDEX(ATTENDANCE_INPUT!D:D, MATCH(1, (ATTENDANCE_INPUT!A:A=A64) * (ATTENDANCE_INPUT!V:V=_xludf.MAXIFS(ATTENDANCE_INPUT!V:V, ATTENDANCE_INPUT!A:A, A64)), 0)), "")} | G64: {=IFERROR( INDEX(ATTENDANCE_INPUT!E:E, MATCH(1, (ATTENDANCE_INPUT!A:A=A64) * (ATTENDANCE_INPUT!V:V=_xludf.MAXIFS(ATTENDANCE_INPUT!V:V, ATTENDANCE_INPUT!A:A, A64)), 0)), "")} | H64: {=IF(ISNA(MATCH(A64,sheet2!A:A,0)),"⏳ Chưa test",IFERROR(INDEX(LEVEL_HELPER!A:A,MATCH(INDEX(sheet2!N:N,MATCH(A64,sheet2!A:A,0)),LEVEL_HELPER!B:B,0)),"⏳ Chưa test"))} -> Beginner | I64: {=IF(ISNA(MATCH(A64,sheet2!A:A,0)),H64,IF(INDEX(sheet2!O:O,MATCH(A64,sheet2!A:A,0))>0,IFERROR(INDEX(LEVEL_HELPER!A:A,MATCH(INDEX(sheet2!O:O,MATCH(A64,sheet2!A:A,0)),LEVEL_HELPER!B:B,0)),H64),H64))} -> Beginner | J64: =IFERROR(_xludf.MAXIFS(ATTENDANCE_LOG!F:F, ATTENDANCE_LOG!C:C, A64&"", ATTENDANCE_LOG!G:G, "Present"), "") | K64: =IF(J64="", "", IFERROR(TODAY()-DATEVALUE(LEFT(J64,10)), "")) | L64: =IF(AND(ISNUMBER(K64), K64>=30), "⚠ Possibly Dropped", "")
A65: 247185 | B65: LÊ MINH DUY | C65: =IFERROR(__xludf.DUMMYFUNCTION("arrayformula(VLOOKUP(to_Text(A65),to_Text(sheet2!$A$1:M1002),13,0))"),"ONC") -> ONC | D65: =IFERROR(__xludf.DUMMYFUNCTION("arrayformula(VLOOKUP(to_Text(A65),to_Text(sheet2!$A$1:M1002),12,0))"),"QC") -> QC | E65: =IF(L65="⚠ Possibly Dropped","Inactive","Active") -> Active | F65: {=IFERROR( INDEX(ATTENDANCE_INPUT!D:D, MATCH(1, (ATTENDANCE_INPUT!A:A=A65) * (ATTENDANCE_INPUT!V:V=_xludf.MAXIFS(ATTENDANCE_INPUT!V:V, ATTENDANCE_INPUT!A:A, A65)), 0)), "")} | G65: {=IFERROR( INDEX(ATTENDANCE_INPUT!E:E, MATCH(1, (ATTENDANCE_INPUT!A:A=A65) * (ATTENDANCE_INPUT!V:V=_xludf.MAXIFS(ATTENDANCE_INPUT!V:V, ATTENDANCE_INPUT!A:A, A65)), 0)), "")} | H65: {=IF(ISNA(MATCH(A65,sheet2!A:A,0)),"⏳ Chưa test",IFERROR(INDEX(LEVEL_HELPER!A:A,MATCH(INDEX(sheet2!N:N,MATCH(A65,sheet2!A:A,0)),LEVEL_HELPER!B:B,0)),"⏳ Chưa test"))} -> Beginner | I65: {=IF(ISNA(MATCH(A65,sheet2!A:A,0)),H65,IF(INDEX(sheet2!O:O,MATCH(A65,sheet2!A:A,0))>0,IFERROR(INDEX(LEVEL_HELPER!A:A,MATCH(INDEX(sheet2!O:O,MATCH(A65,sheet2!A:A,0)),LEVEL_HELPER!B:B,0)),H65),H65))} -> Beginner | J65: =IFERROR(_xludf.MAXIFS(ATTENDANCE_LOG!F:F, ATTENDANCE_LOG!C:C, A65&"", ATTENDANCE_LOG!G:G, "Present"), "") | K65: =IF(J65="", "", IFERROR(TODAY()-DATEVALUE(LEFT(J65,10)), "")) | L65: =IF(AND(ISNUMBER(K65), K65>=30), "⚠ Possibly Dropped", "")
A66: 213844 | B66: LÊ MINH HY | C66: =IFERROR(__xludf.DUMMYFUNCTION("arrayformula(VLOOKUP(to_Text(A66),to_Text(sheet2!$A$1:M1002),13,0))"),"MOC") -> MOC | D66: =IFERROR(__xludf.DUMMYFUNCTION("arrayformula(VLOOKUP(to_Text(A66),to_Text(sheet2!$A$1:M1002),12,0))"),"DEV") -> DEV | E66: =IF(L66="⚠ Possibly Dropped","Inactive","Active") -> Active | F66: {=IFERROR( INDEX(ATTENDANCE_INPUT!D:D, MATCH(1, (ATTENDANCE_INPUT!A:A=A66) * (ATTENDANCE_INPUT!V:V=_xludf.MAXIFS(ATTENDANCE_INPUT!V:V, ATTENDANCE_INPUT!A:A, A66)), 0)), "")} | G66: {=IFERROR( INDEX(ATTENDANCE_INPUT!E:E, MATCH(1, (ATTENDANCE_INPUT!A:A=A66) * (ATTENDANCE_INPUT!V:V=_xludf.MAXIFS(ATTENDANCE_INPUT!V:V, ATTENDANCE_INPUT!A:A, A66)), 0)), "")} | H66: {=IF(ISNA(MATCH(A66,sheet2!A:A,0)),"⏳ Chưa test",IFERROR(INDEX(LEVEL_HELPER!A:A,MATCH(INDEX(sheet2!N:N,MATCH(A66,sheet2!A:A,0)),LEVEL_HELPER!B:B,0)),"⏳ Chưa test"))} -> Foundation | I66: {=IF(ISNA(MATCH(A66,sheet2!A:A,0)),H66,IF(INDEX(sheet2!O:O,MATCH(A66,sheet2!A:A,0))>0,IFERROR(INDEX(LEVEL_HELPER!A:A,MATCH(INDEX(sheet2!O:O,MATCH(A66,sheet2!A:A,0)),LEVEL_HELPER!B:B,0)),H66),H66))} -> Foundation | J66: =IFERROR(_xludf.MAXIFS(ATTENDANCE_LOG!F:F, ATTENDANCE_LOG!C:C, A66&"", ATTENDANCE_LOG!G:G, "Present"), "") | K66: =IF(J66="", "", IFERROR(TODAY()-DATEVALUE(LEFT(J66,10)), "")) | L66: =IF(AND(ISNUMBER(K66), K66>=30), "⚠ Possibly Dropped", "") | R66: 227008 | U66: =IFERROR(__xludf.DUMMYFUNCTION("arrayformula(vlookup(to_text(R66),to_text($A$4:$B964),2,0))"),"PHẠM ĐỨC ÁO") -> PHẠM ĐỨC ÁO
A67: 193536 | B67: LÊ MINH PHƯỚC | C67: =IFERROR(__xludf.DUMMYFUNCTION("arrayformula(VLOOKUP(to_Text(A67),to_Text(sheet2!$A$1:M1002),13,0))"),"TBU") -> TBU | D67: =IFERROR(__xludf.DUMMYFUNCTION("arrayformula(VLOOKUP(to_Text(A67),to_Text(sheet2!$A$1:M1002),12,0))"),"DEV") -> DEV | E67: =IF(L67="⚠ Possibly Dropped","Inactive","Active") -> Active | F67: {=IFERROR( INDEX(ATTENDANCE_INPUT!D:D, MATCH(1, (ATTENDANCE_INPUT!A:A=A67) * (ATTENDANCE_INPUT!V:V=_xludf.MAXIFS(ATTENDANCE_INPUT!V:V, ATTENDANCE_INPUT!A:A, A67)), 0)), "")} | G67: {=IFERROR( INDEX(ATTENDANCE_INPUT!E:E, MATCH(1, (ATTENDANCE_INPUT!A:A=A67) * (ATTENDANCE_INPUT!V:V=_xludf.MAXIFS(ATTENDANCE_INPUT!V:V, ATTENDANCE_INPUT!A:A, A67)), 0)), "")} | H67: {=IF(ISNA(MATCH(A67,sheet2!A:A,0)),"⏳ Chưa test",IFERROR(INDEX(LEVEL_HELPER!A:A,MATCH(INDEX(sheet2!N:N,MATCH(A67,sheet2!A:A,0)),LEVEL_HELPER!B:B,0)),"⏳ Chưa test"))} -> Beginner | I67: {=IF(ISNA(MATCH(A67,sheet2!A:A,0)),H67,IF(INDEX(sheet2!O:O,MATCH(A67,sheet2!A:A,0))>0,IFERROR(INDEX(LEVEL_HELPER!A:A,MATCH(INDEX(sheet2!O:O,MATCH(A67,sheet2!A:A,0)),LEVEL_HELPER!B:B,0)),H67),H67))} -> Beginner | J67: =IFERROR(_xludf.MAXIFS(ATTENDANCE_LOG!F:F, ATTENDANCE_LOG!C:C, A67&"", ATTENDANCE_LOG!G:G, "Present"), "") | K67: =IF(J67="", "", IFERROR(TODAY()-DATEVALUE(LEFT(J67,10)), "")) | L67: =IF(AND(ISNUMBER(K67), K67>=30), "⚠ Possibly Dropped", "") | M67: Completed (no continuation) | N67: High workload
A68: 213929 | B68: LE MINH TRUONG | C68: =IFERROR(__xludf.DUMMYFUNCTION("arrayformula(VLOOKUP(to_Text(A68),to_Text(sheet2!$A$1:M1002),13,0))"),"LBU") -> LBU | D68: =IFERROR(__xludf.DUMMYFUNCTION("arrayformula(VLOOKUP(to_Text(A68),to_Text(sheet2!$A$1:M1002),12,0))"),"GSD") -> GSD | E68: Inactive | F68: {=IFERROR( INDEX(ATTENDANCE_INPUT!D:D, MATCH(1, (ATTENDANCE_INPUT!A:A=A68) * (ATTENDANCE_INPUT!V:V=_xludf.MAXIFS(ATTENDANCE_INPUT!V:V, ATTENDANCE_INPUT!A:A, A68)), 0)), "")} | G68: {=IFERROR( INDEX(ATTENDANCE_INPUT!E:E, MATCH(1, (ATTENDANCE_INPUT!A:A=A68) * (ATTENDANCE_INPUT!V:V=_xludf.MAXIFS(ATTENDANCE_INPUT!V:V, ATTENDANCE_INPUT!A:A, A68)), 0)), "")} | H68: {=IF(ISNA(MATCH(A68,sheet2!A:A,0)),"⏳ Chưa test",IFERROR(INDEX(LEVEL_HELPER!A:A,MATCH(INDEX(sheet2!N:N,MATCH(A68,sheet2!A:A,0)),LEVEL_HELPER!B:B,0)),"⏳ Chưa test"))} -> Foundation | I68: {=IF(ISNA(MATCH(A68,sheet2!A:A,0)),H68,IF(INDEX(sheet2!O:O,MATCH(A68,sheet2!A:A,0))>0,IFERROR(INDEX(LEVEL_HELPER!A:A,MATCH(INDEX(sheet2!O:O,MATCH(A68,sheet2!A:A,0)),LEVEL_HELPER!B:B,0)),H68),H68))} -> Foundation | J68: =IFERROR(_xludf.MAXIFS(ATTENDANCE_LOG!F:F, ATTENDANCE_LOG!C:C, A68&"", ATTENDANCE_LOG!G:G, "Present"), "") | K68: =IF(J68="", "", IFERROR(TODAY()-DATEVALUE(LEFT(J68,10)), "")) | L68: =IF(AND(ISNUMBER(K68), K68>=30), "⚠ Possibly Dropped", "") | M68: Discontinued mid-course | N68: High workload
A69: 213898 | B69: LÊ NGỌC TRUNG HIẾU | C69: =IFERROR(__xludf.DUMMYFUNCTION("arrayformula(VLOOKUP(to_Text(A69),to_Text(sheet2!$A$1:M1002),13,0))"),"MOC") -> MOC | D69: =IFERROR(__xludf.DUMMYFUNCTION("arrayformula(VLOOKUP(to_Text(A69),to_Text(sheet2!$A$1:M1002),12,0))"),"DEV") -> DEV | E69: Inactive | F69: {=IFERROR( INDEX(ATTENDANCE_INPUT!D:D, MATCH(1, (ATTENDANCE_INPUT!A:A=A69) * (ATTENDANCE_INPUT!V:V=_xludf.MAXIFS(ATTENDANCE_INPUT!V:V, ATTENDANCE_INPUT!A:A, A69)), 0)), "")} | G69: {=IFERROR( INDEX(ATTENDANCE_INPUT!E:E, MATCH(1, (ATTENDANCE_INPUT!A:A=A69) * (ATTENDANCE_INPUT!V:V=_xludf.MAXIFS(ATTENDANCE_INPUT!V:V, ATTENDANCE_INPUT!A:A, A69)), 0)), "")} | H69: {=IF(ISNA(MATCH(A69,sheet2!A:A,0)),"⏳ Chưa test",IFERROR(INDEX(LEVEL_HELPER!A:A,MATCH(INDEX(sheet2!N:N,MATCH(A69,sheet2!A:A,0)),LEVEL_HELPER!B:B,0)),"⏳ Chưa test"))} -> Beginner | I69: {=IF(ISNA(MATCH(A69,sheet2!A:A,0)),H69,IF(INDEX(sheet2!O:O,MATCH(A69,sheet2!A:A,0))>0,IFERROR(INDEX(LEVEL_HELPER!A:A,MATCH(INDEX(sheet2!O:O,MATCH(A69,sheet2!A:A,0)),LEVEL_HELPER!B:B,0)),H69),H69))} -> Beginner | J69: =IFERROR(_xludf.MAXIFS(ATTENDANCE_LOG!F:F, ATTENDANCE_LOG!C:C, A69&"", ATTENDANCE_LOG!G:G, "Present"), "") | K69: =IF(J69="", "", IFERROR(TODAY()-DATEVALUE(LEFT(J69,10)), "")) | L69: =IF(AND(ISNUMBER(K69), K69>=30), "⚠ Possibly Dropped", "") | M69: Discontinued mid-course | N69: High workload
A70: 213854 | B70: LÊ NHẬT | C70: =IFERROR(__xludf.DUMMYFUNCTION("arrayformula(VLOOKUP(to_Text(A70),to_Text(sheet2!$A$1:M1002),13,0))"),"MOC") -> MOC | D70: =IFERROR(__xludf.DUMMYFUNCTION("arrayformula(VLOOKUP(to_Text(A70),to_Text(sheet2!$A$1:M1002),12,0))"),"DEV") -> DEV | E70: =IF(L70="⚠ Possibly Dropped","Inactive","Active") -> Active | F70: {=IFERROR( INDEX(ATTENDANCE_INPUT!D:D, MATCH(1, (ATTENDANCE_INPUT!A:A=A70) * (ATTENDANCE_INPUT!V:V=_xludf.MAXIFS(ATTENDANCE_INPUT!V:V, ATTENDANCE_INPUT!A:A, A70)), 0)), "")} | G70: {=IFERROR( INDEX(ATTENDANCE_INPUT!E:E, MATCH(1, (ATTENDANCE_INPUT!A:A=A70) * (ATTENDANCE_INPUT!V:V=_xludf.MAXIFS(ATTENDANCE_INPUT!V:V, ATTENDANCE_INPUT!A:A, A70)), 0)), "")} | H70: {=IF(ISNA(MATCH(A70,sheet2!A:A,0)),"⏳ Chưa test",IFERROR(INDEX(LEVEL_HELPER!A:A,MATCH(INDEX(sheet2!N:N,MATCH(A70,sheet2!A:A,0)),LEVEL_HELPER!B:B,0)),"⏳ Chưa test"))} -> Foundation | I70: {=IF(ISNA(MATCH(A70,sheet2!A:A,0)),H70,IF(INDEX(sheet2!O:O,MATCH(A70,sheet2!A:A,0))>0,IFERROR(INDEX(LEVEL_HELPER!A:A,MATCH(INDEX(sheet2!O:O,MATCH(A70,sheet2!A:A,0)),LEVEL_HELPER!B:B,0)),H70),H70))} -> Foundation | J70: =IFERROR(_xludf.MAXIFS(ATTENDANCE_LOG!F:F, ATTENDANCE_LOG!C:C, A70&"", ATTENDANCE_LOG!G:G, "Present"), "") | K70: =IF(J70="", "", IFERROR(TODAY()-DATEVALUE(LEFT(J70,10)), "")) | L70: =IF(AND(ISNUMBER(K70), K70>=30), "⚠ Possibly Dropped", "") | M70: Completed (no continuation) | N70: Prefer different learning format
A71: 213975 | B71: LÊ NHẬT LINH | C71: =IFERROR(__xludf.DUMMYFUNCTION("arrayformula(VLOOKUP(to_Text(A71),to_Text(sheet2!$A$1:M1002),13,0))"),"MOC") -> MOC | D71: =IFERROR(__xludf.DUMMYFUNCTION("arrayformula(VLOOKUP(to_Text(A71),to_Text(sheet2!$A$1:M1002),12,0))"),"DEV") -> DEV | E71: =IF(L71="⚠ Possibly Dropped","Inactive","Active") -> Active | F71: {=IFERROR( INDEX(ATTENDANCE_INPUT!D:D, MATCH(1, (ATTENDANCE_INPUT!A:A=A71) * (ATTENDANCE_INPUT!V:V=_xludf.MAXIFS(ATTENDANCE_INPUT!V:V, ATTENDANCE_INPUT!A:A, A71)), 0)), "")} | G71: {=IFERROR( INDEX(ATTENDANCE_INPUT!E:E, MATCH(1, (ATTENDANCE_INPUT!A:A=A71) * (ATTENDANCE_INPUT!V:V=_xludf.MAXIFS(ATTENDANCE_INPUT!V:V, ATTENDANCE_INPUT!A:A, A71)), 0)), "")} | H71: {=IF(ISNA(MATCH(A71,sheet2!A:A,0)),"⏳ Chưa test",IFERROR(INDEX(LEVEL_HELPER!A:A,MATCH(INDEX(sheet2!N:N,MATCH(A71,sheet2!A:A,0)),LEVEL_HELPER!B:B,0)),"⏳ Chưa test"))} -> Beginner | I71: {=IF(ISNA(MATCH(A71,sheet2!A:A,0)),H71,IF(INDEX(sheet2!O:O,MATCH(A71,sheet2!A:A,0))>0,IFERROR(INDEX(LEVEL_HELPER!A:A,MATCH(INDEX(sheet2!O:O,MATCH(A71,sheet2!A:A,0)),LEVEL_HELPER!B:B,0)),H71),H71))} -> Beginner | J71: =IFERROR(_xludf.MAXIFS(ATTENDANCE_LOG!F:F, ATTENDANCE_LOG!C:C, A71&"", ATTENDANCE_LOG!G:G, "Present"), "") | K71: =IF(J71="", "", IFERROR(TODAY()-DATEVALUE(LEFT(J71,10)), "")) | L71: =IF(AND(ISNUMBER(K71), K71>=30), "⚠ Possibly Dropped", "") | M71: Completed (no continuation) | N71: High workload
A72: 247225 | B72: LÊ PHƯỚC THIỆN | C72: =IFERROR(__xludf.DUMMYFUNCTION("arrayformula(VLOOKUP(to_Text(A72),to_Text(sheet2!$A$1:M1002),13,0))"),"MOC") -> MOC | D72: =IFERROR(__xludf.DUMMYFUNCTION("arrayformula(VLOOKUP(to_Text(A72),to_Text(sheet2!$A$1:M1002),12,0))"),"DEV") -> DEV | E72: Waiting for class | F72: {=IFERROR( INDEX(ATTENDANCE_INPUT!D:D, MATCH(1, (ATTENDANCE_INPUT!A:A=A72) * (ATTENDANCE_INPUT!V:V=_xludf.MAXIFS(ATTENDANCE_INPUT!V:V, ATTENDANCE_INPUT!A:A, A72)), 0)), "")} | G72: {=IFERROR( INDEX(ATTENDANCE_INPUT!E:E, MATCH(1, (ATTENDANCE_INPUT!A:A=A72) * (ATTENDANCE_INPUT!V:V=_xludf.MAXIFS(ATTENDANCE_INPUT!V:V, ATTENDANCE_INPUT!A:A, A72)), 0)), "")} | H72: {=IF(ISNA(MATCH(A72,sheet2!A:A,0)),"⏳ Chưa test",IFERROR(INDEX(LEVEL_HELPER!A:A,MATCH(INDEX(sheet2!N:N,MATCH(A72,sheet2!A:A,0)),LEVEL_HELPER!B:B,0)),"⏳ Chưa test"))} -> Beginner | I72: {=IF(ISNA(MATCH(A72,sheet2!A:A,0)),H72,IF(INDEX(sheet2!O:O,MATCH(A72,sheet2!A:A,0))>0,IFERROR(INDEX(LEVEL_HELPER!A:A,MATCH(INDEX(sheet2!O:O,MATCH(A72,sheet2!A:A,0)),LEVEL_HELPER!B:B,0)),H72),H72))} -> Beginner | J72: =IFERROR(_xludf.MAXIFS(ATTENDANCE_LOG!F:F, ATTENDANCE_LOG!C:C, A72&"", ATTENDANCE_LOG!G:G, "Present"), "") | K72: =IF(J72="", "", IFERROR(TODAY()-DATEVALUE(LEFT(J72,10)), "")) | L72: =IF(AND(ISNUMBER(K72), K72>=30), "⚠ Possibly Dropped", "") | R72: 247139 | S72: Ungroup team | T72: Team restructuring | U72: =IFERROR(__xludf.DUMMYFUNCTION("arrayformula(vlookup(to_text(R72),to_text($A$4:$B1061),2,0))"),"#N/A") -> #N/A
A73: 227047 | B73: LÊ THANH SƠN | C73: =IFERROR(__xludf.DUMMYFUNCTION("arrayformula(VLOOKUP(to_Text(A73),to_Text(sheet2!$A$1:M1002),13,0))"),"POC") -> POC | D73: =IFERROR(__xludf.DUMMYFUNCTION("arrayformula(VLOOKUP(to_Text(A73),to_Text(sheet2!$A$1:M1002),12,0))"),"DEV") -> DEV | E73: =IF(L73="⚠ Possibly Dropped","Inactive","Active") -> Active | F73: {=IFERROR( INDEX(ATTENDANCE_INPUT!D:D, MATCH(1, (ATTENDANCE_INPUT!A:A=A73) * (ATTENDANCE_INPUT!V:V=_xludf.MAXIFS(ATTENDANCE_INPUT!V:V, ATTENDANCE_INPUT!A:A, A73)), 0)), "")} | G73: {=IFERROR( INDEX(ATTENDANCE_INPUT!E:E, MATCH(1, (ATTENDANCE_INPUT!A:A=A73) * (ATTENDANCE_INPUT!V:V=_xludf.MAXIFS(ATTENDANCE_INPUT!V:V, ATTENDANCE_INPUT!A:A, A73)), 0)), "")} | H73: {=IF(ISNA(MATCH(A73,sheet2!A:A,0)),"⏳ Chưa test",IFERROR(INDEX(LEVEL_HELPER!A:A,MATCH(INDEX(sheet2!N:N,MATCH(A73,sheet2!A:A,0)),LEVEL_HELPER!B:B,0)),"⏳ Chưa test"))} -> Beginner | I73: {=IF(ISNA(MATCH(A73,sheet2!A:A,0)),H73,IF(INDEX(sheet2!O:O,MATCH(A73,sheet2!A:A,0))>0,IFERROR(INDEX(LEVEL_HELPER!A:A,MATCH(INDEX(sheet2!O:O,MATCH(A73,sheet2!A:A,0)),LEVEL_HELPER!B:B,0)),H73),H73))} -> Beginner | J73: =IFERROR(_xludf.MAXIFS(ATTENDANCE_LOG!F:F, ATTENDANCE_LOG!C:C, A73&"", ATTENDANCE_LOG!G:G, "Present"), "") | K73: =IF(J73="", "", IFERROR(TODAY()-DATEVALUE(LEFT(J73,10)), "")) | L73: =IF(AND(ISNUMBER(K73), K73>=30), "⚠ Possibly Dropped", "")
A74: 227116 | B74: LÊ THẾ PHƯƠNG | C74: =IFERROR(__xludf.DUMMYFUNCTION("arrayformula(VLOOKUP(to_Text(A74),to_Text(sheet2!$A$1:M1002),13,0))"),"CHORUS") -> CHORUS | D74: =IFERROR(__xludf.DUMMYFUNCTION("arrayformula(VLOOKUP(to_Text(A74),to_Text(sheet2!$A$1:M1002),12,0))"),"DEV") -> DEV | E74: =IF(L74="⚠ Possibly Dropped","Inactive","Active") -> Active | F74: {=IFERROR( INDEX(ATTENDANCE_INPUT!D:D, MATCH(1, (ATTENDANCE_INPUT!A:A=A74) * (ATTENDANCE_INPUT!V:V=_xludf.MAXIFS(ATTENDANCE_INPUT!V:V, ATTENDANCE_INPUT!A:A, A74)), 0)), "")} | G74: {=IFERROR( INDEX(ATTENDANCE_INPUT!E:E, MATCH(1, (ATTENDANCE_INPUT!A:A=A74) * (ATTENDANCE_INPUT!V:V=_xludf.MAXIFS(ATTENDANCE_INPUT!V:V, ATTENDANCE_INPUT!A:A, A74)), 0)), "")} | H74: {=IF(ISNA(MATCH(A74,sheet2!A:A,0)),"⏳ Chưa test",IFERROR(INDEX(LEVEL_HELPER!A:A,MATCH(INDEX(sheet2!N:N,MATCH(A74,sheet2!A:A,0)),LEVEL_HELPER!B:B,0)),"⏳ Chưa test"))} -> Foundation | I74: {=IF(ISNA(MATCH(A74,sheet2!A:A,0)),H74,IF(INDEX(sheet2!O:O,MATCH(A74,sheet2!A:A,0))>0,IFERROR(INDEX(LEVEL_HELPER!A:A,MATCH(INDEX(sheet2!O:O,MATCH(A74,sheet2!A:A,0)),LEVEL_HELPER!B:B,0)),H74),H74))} -> Foundation | J74: =IFERROR(_xludf.MAXIFS(ATTENDANCE_LOG!F:F, ATTENDANCE_LOG!C:C, A74&"", ATTENDANCE_LOG!G:G, "Present"), "") | K74: =IF(J74="", "", IFERROR(TODAY()-DATEVALUE(LEFT(J74,10)), "")) | L74: =IF(AND(ISNUMBER(K74), K74>=30), "⚠ Possibly Dropped", "")
A75: 257133 | B75: Le Thi Diem Phuong | C75: =IFERROR(__xludf.DUMMYFUNCTION("arrayformula(VLOOKUP(to_Text(A75),to_Text(sheet2!$A$1:M1002),13,0))"),"ONC") -> ONC | D75: =IFERROR(__xludf.DUMMYFUNCTION("arrayformula(VLOOKUP(to_Text(A75),to_Text(sheet2!$A$1:M1002),12,0))"),"QC") -> QC | E75: =IF(L75="⚠ Possibly Dropped","Inactive","Active") -> Active | F75: {=IFERROR( INDEX(ATTENDANCE_INPUT!D:D, MATCH(1, (ATTENDANCE_INPUT!A:A=A75) * (ATTENDANCE_INPUT!V:V=_xludf.MAXIFS(ATTENDANCE_INPUT!V:V, ATTENDANCE_INPUT!A:A, A75)), 0)), "")} | G75: {=IFERROR( INDEX(ATTENDANCE_INPUT!E:E, MATCH(1, (ATTENDANCE_INPUT!A:A=A75) * (ATTENDANCE_INPUT!V:V=_xludf.MAXIFS(ATTENDANCE_INPUT!V:V, ATTENDANCE_INPUT!A:A, A75)), 0)), "")} | H75: {=IF(ISNA(MATCH(A75,sheet2!A:A,0)),"⏳ Chưa test",IFERROR(INDEX(LEVEL_HELPER!A:A,MATCH(INDEX(sheet2!N:N,MATCH(A75,sheet2!A:A,0)),LEVEL_HELPER!B:B,0)),"⏳ Chưa test"))} -> Foundation | I75: {=IF(ISNA(MATCH(A75,sheet2!A:A,0)),H75,IF(INDEX(sheet2!O:O,MATCH(A75,sheet2!A:A,0))>0,IFERROR(INDEX(LEVEL_HELPER!A:A,MATCH(INDEX(sheet2!O:O,MATCH(A75,sheet2!A:A,0)),LEVEL_HELPER!B:B,0)),H75),H75))} -> Foundation | J75: =IFERROR(_xludf.MAXIFS(ATTENDANCE_LOG!F:F, ATTENDANCE_LOG!C:C, A75&"", ATTENDANCE_LOG!G:G, "Present"), "") | K75: =IF(J75="", "", IFERROR(TODAY()-DATEVALUE(LEFT(J75,10)), "")) | L75: =IF(AND(ISNUMBER(K75), K75>=30), "⚠ Possibly Dropped", "")
A76: 237056 | B76: LÊ THỊ DIỄM QUYÊN | C76: =IFERROR(__xludf.DUMMYFUNCTION("arrayformula(VLOOKUP(to_Text(A76),to_Text(sheet2!$A$1:M1002),13,0))"),"LBU") -> LBU | D76: =IFERROR(__xludf.DUMMYFUNCTION("arrayformula(VLOOKUP(to_Text(A76),to_Text(sheet2!$A$1:M1002),12,0))"),"Designer") -> Designer | E76: Inactive | F76: {=IFERROR( INDEX(ATTENDANCE_INPUT!D:D, MATCH(1, (ATTENDANCE_INPUT!A:A=A76) * (ATTENDANCE_INPUT!V:V=_xludf.MAXIFS(ATTENDANCE_INPUT!V:V, ATTENDANCE_INPUT!A:A, A76)), 0)), "")} | G76: {=IFERROR( INDEX(ATTENDANCE_INPUT!E:E, MATCH(1, (ATTENDANCE_INPUT!A:A=A76) * (ATTENDANCE_INPUT!V:V=_xludf.MAXIFS(ATTENDANCE_INPUT!V:V, ATTENDANCE_INPUT!A:A, A76)), 0)), "")} | H76: {=IF(ISNA(MATCH(A76,sheet2!A:A,0)),"⏳ Chưa test",IFERROR(INDEX(LEVEL_HELPER!A:A,MATCH(INDEX(sheet2!N:N,MATCH(A76,sheet2!A:A,0)),LEVEL_HELPER!B:B,0)),"⏳ Chưa test"))} -> Intermediate | I76: {=IF(ISNA(MATCH(A76,sheet2!A:A,0)),H76,IF(INDEX(sheet2!O:O,MATCH(A76,sheet2!A:A,0))>0,IFERROR(INDEX(LEVEL_HELPER!A:A,MATCH(INDEX(sheet2!O:O,MATCH(A76,sheet2!A:A,0)),LEVEL_HELPER!B:B,0)),H76),H76))} -> Intermediate | J76: =IFERROR(_xludf.MAXIFS(ATTENDANCE_LOG!F:F, ATTENDANCE_LOG!C:C, A76&"", ATTENDANCE_LOG!G:G, "Present"), "") | K76: =IF(J76="", "", IFERROR(TODAY()-DATEVALUE(LEFT(J76,10)), "")) | L76: =IF(AND(ISNUMBER(K76), K76>=30), "⚠ Possibly Dropped", "") | M76: Completed (no continuation) | N76: Learning goal achieved
A77: 173246 | B77: LÊ THỊ HOÀNG KIM | C77: =IFERROR(__xludf.DUMMYFUNCTION("arrayformula(VLOOKUP(to_Text(A77),to_Text(sheet2!$A$1:M1002),13,0))"),"POC") -> POC | D77: =IFERROR(__xludf.DUMMYFUNCTION("arrayformula(VLOOKUP(to_Text(A77),to_Text(sheet2!$A$1:M1002),12,0))"),"GSD") -> GSD | E77: =IF(L77="⚠ Possibly Dropped","Inactive","Active") -> Active | F77: {=IFERROR( INDEX(ATTENDANCE_INPUT!D:D, MATCH(1, (ATTENDANCE_INPUT!A:A=A77) * (ATTENDANCE_INPUT!V:V=_xludf.MAXIFS(ATTENDANCE_INPUT!V:V, ATTENDANCE_INPUT!A:A, A77)), 0)), "")} | G77: {=IFERROR( INDEX(ATTENDANCE_INPUT!E:E, MATCH(1, (ATTENDANCE_INPUT!A:A=A77) * (ATTENDANCE_INPUT!V:V=_xludf.MAXIFS(ATTENDANCE_INPUT!V:V, ATTENDANCE_INPUT!A:A, A77)), 0)), "")} | H77: {=IF(ISNA(MATCH(A77,sheet2!A:A,0)),"⏳ Chưa test",IFERROR(INDEX(LEVEL_HELPER!A:A,MATCH(INDEX(sheet2!N:N,MATCH(A77,sheet2!A:A,0)),LEVEL_HELPER!B:B,0)),"⏳ Chưa test"))} -> Foundation | I77: {=IF(ISNA(MATCH(A77,sheet2!A:A,0)),H77,IF(INDEX(sheet2!O:O,MATCH(A77,sheet2!A:A,0))>0,IFERROR(INDEX(LEVEL_HELPER!A:A,MATCH(INDEX(sheet2!O:O,MATCH(A77,sheet2!A:A,0)),LEVEL_HELPER!B:B,0)),H77),H77))} -> Foundation | J77: =IFERROR(_xludf.MAXIFS(ATTENDANCE_LOG!F:F, ATTENDANCE_LOG!C:C, A77&"", ATTENDANCE_LOG!G:G, "Present"), "") | K77: =IF(J77="", "", IFERROR(TODAY()-DATEVALUE(LEFT(J77,10)), "")) | L77: =IF(AND(ISNUMBER(K77), K77>=30), "⚠ Possibly Dropped", "")
A78: 222010 | B78: LÊ THỊ LAN ANH | C78: =IFERROR(__xludf.DUMMYFUNCTION("arrayformula(VLOOKUP(to_Text(A78),to_Text(sheet2!$A$1:M1002),13,0))"),"BSG") -> BSG | D78: =IFERROR(__xludf.DUMMYFUNCTION("arrayformula(VLOOKUP(to_Text(A78),to_Text(sheet2!$A$1:M1002),12,0))"),"HR") -> HR | E78: Inactive | F78: {=IFERROR( INDEX(ATTENDANCE_INPUT!D:D, MATCH(1, (ATTENDANCE_INPUT!A:A=A78) * (ATTENDANCE_INPUT!V:V=_xludf.MAXIFS(ATTENDANCE_INPUT!V:V, ATTENDANCE_INPUT!A:A, A78)), 0)), "")} | G78: {=IFERROR( INDEX(ATTENDANCE_INPUT!E:E, MATCH(1, (ATTENDANCE_INPUT!A:A=A78) * (ATTENDANCE_INPUT!V:V=_xludf.MAXIFS(ATTENDANCE_INPUT!V:V, ATTENDANCE_INPUT!A:A, A78)), 0)), "")} | H78: {=IF(ISNA(MATCH(A78,sheet2!A:A,0)),"⏳ Chưa test",IFERROR(INDEX(LEVEL_HELPER!A:A,MATCH(INDEX(sheet2!N:N,MATCH(A78,sheet2!A:A,0)),LEVEL_HELPER!B:B,0)),"⏳ Chưa test"))} -> Beginner | I78: {=IF(ISNA(MATCH(A78,sheet2!A:A,0)),H78,IF(INDEX(sheet2!O:O,MATCH(A78,sheet2!A:A,0))>0,IFERROR(INDEX(LEVEL_HELPER!A:A,MATCH(INDEX(sheet2!O:O,MATCH(A78,sheet2!A:A,0)),LEVEL_HELPER!B:B,0)),H78),H78))} -> Beginner | J78: =IFERROR(_xludf.MAXIFS(ATTENDANCE_LOG!F:F, ATTENDANCE_LOG!C:C, A78&"", ATTENDANCE_LOG!G:G, "Present"), "") | K78: =IF(J78="", "", IFERROR(TODAY()-DATEVALUE(LEFT(J78,10)), "")) | L78: =IF(AND(ISNUMBER(K78), K78>=30), "⚠ Possibly Dropped", "") | M78: Completed (no continuation) | N78: High workload | O78: Final test on Apr 24, need to ask if they'll continue
A79: 227160 | B79: LÊ THỊ LAN HƯƠNG | C79: =IFERROR(__xludf.DUMMYFUNCTION("arrayformula(VLOOKUP(to_Text(A79),to_Text(sheet2!$A$1:M1002),13,0))"),"LBU") -> LBU | D79: =IFERROR(__xludf.DUMMYFUNCTION("arrayformula(VLOOKUP(to_Text(A79),to_Text(sheet2!$A$1:M1002),12,0))"),"GSD") -> GSD | E79: =IF(L79="⚠ Possibly Dropped","Inactive","Active") -> Active | F79: {=IFERROR( INDEX(ATTENDANCE_INPUT!D:D, MATCH(1, (ATTENDANCE_INPUT!A:A=A79) * (ATTENDANCE_INPUT!V:V=_xludf.MAXIFS(ATTENDANCE_INPUT!V:V, ATTENDANCE_INPUT!A:A, A79)), 0)), "")} | G79: {=IFERROR( INDEX(ATTENDANCE_INPUT!E:E, MATCH(1, (ATTENDANCE_INPUT!A:A=A79) * (ATTENDANCE_INPUT!V:V=_xludf.MAXIFS(ATTENDANCE_INPUT!V:V, ATTENDANCE_INPUT!A:A, A79)), 0)), "")} | H79: {=IF(ISNA(MATCH(A79,sheet2!A:A,0)),"⏳ Chưa test",IFERROR(INDEX(LEVEL_HELPER!A:A,MATCH(INDEX(sheet2!N:N,MATCH(A79,sheet2!A:A,0)),LEVEL_HELPER!B:B,0)),"⏳ Chưa test"))} -> Beginner | I79: {=IF(ISNA(MATCH(A79,sheet2!A:A,0)),H79,IF(INDEX(sheet2!O:O,MATCH(A79,sheet2!A:A,0))>0,IFERROR(INDEX(LEVEL_HELPER!A:A,MATCH(INDEX(sheet2!O:O,MATCH(A79,sheet2!A:A,0)),LEVEL_HELPER!B:B,0)),H79),H79))} -> Beginner | J79: =IFERROR(_xludf.MAXIFS(ATTENDANCE_LOG!F:F, ATTENDANCE_LOG!C:C, A79&"", ATTENDANCE_LOG!G:G, "Present"), "") | K79: =IF(J79="", "", IFERROR(TODAY()-DATEVALUE(LEFT(J79,10)), "")) | L79: =IF(AND(ISNUMBER(K79), K79>=30), "⚠ Possibly Dropped", "") | N79: Prefer different learning format | R79: 227174 | S79: Attend English center / 1-1 course | T79: Prefer other learning methods | U79: #N/A
A80: 173230 | B80: LÊ THỊ THU HIỀN | C80: =IFERROR(__xludf.DUMMYFUNCTION("arrayformula(VLOOKUP(to_Text(A80),to_Text(sheet2!$A$1:M1002),13,0))"),"POC") -> POC | D80: =IFERROR(__xludf.DUMMYFUNCTION("arrayformula(VLOOKUP(to_Text(A80),to_Text(sheet2!$A$1:M1002),12,0))"),"QC") -> QC | E80: =IF(L80="⚠ Possibly Dropped","Inactive","Active") -> Active | F80: {=IFERROR( INDEX(ATTENDANCE_INPUT!D:D, MATCH(1, (ATTENDANCE_INPUT!A:A=A80) * (ATTENDANCE_INPUT!V:V=_xludf.MAXIFS(ATTENDANCE_INPUT!V:V, ATTENDANCE_INPUT!A:A, A80)), 0)), "")} | G80: {=IFERROR( INDEX(ATTENDANCE_INPUT!E:E, MATCH(1, (ATTENDANCE_INPUT!A:A=A80) * (ATTENDANCE_INPUT!V:V=_xludf.MAXIFS(ATTENDANCE_INPUT!V:V, ATTENDANCE_INPUT!A:A, A80)), 0)), "")} | H80: {=IF(ISNA(MATCH(A80,sheet2!A:A,0)),"⏳ Chưa test",IFERROR(INDEX(LEVEL_HELPER!A:A,MATCH(INDEX(sheet2!N:N,MATCH(A80,sheet2!A:A,0)),LEVEL_HELPER!B:B,0)),"⏳ Chưa test"))} -> Beginner | I80: {=IF(ISNA(MATCH(A80,sheet2!A:A,0)),H80,IF(INDEX(sheet2!O:O,MATCH(A80,sheet2!A:A,0))>0,IFERROR(INDEX(LEVEL_HELPER!A:A,MATCH(INDEX(sheet2!O:O,MATCH(A80,sheet2!A:A,0)),LEVEL_HELPER!B:B,0)),H80),H80))} -> Beginner | J80: =IFERROR(_xludf.MAXIFS(ATTENDANCE_LOG!F:F, ATTENDANCE_LOG!C:C, A80&"", ATTENDANCE_LOG!G:G, "Present"), "") | K80: =IF(J80="", "", IFERROR(TODAY()-DATEVALUE(LEFT(J80,10)), "")) | L80: =IF(AND(ISNUMBER(K80), K80>=30), "⚠ Possibly Dropped", "") | R80: 247059 | S80: High workload / Can't arrange time | T80: High workload | U80: #N/A
A81: 183422 | B81: LÊ TRẦN XUÂN LÃNH | C81: =IFERROR(__xludf.DUMMYFUNCTION("arrayformula(VLOOKUP(to_Text(A81),to_Text(sheet2!$A$1:M1002),13,0))"),"ONC") -> ONC | D81: =IFERROR(__xludf.DUMMYFUNCTION("arrayformula(VLOOKUP(to_Text(A81),to_Text(sheet2!$A$1:M1002),12,0))"),"DEV") -> DEV | E81: Active | F81: {=IFERROR( INDEX(ATTENDANCE_INPUT!D:D, MATCH(1, (ATTENDANCE_INPUT!A:A=A81) * (ATTENDANCE_INPUT!V:V=_xludf.MAXIFS(ATTENDANCE_INPUT!V:V, ATTENDANCE_INPUT!A:A, A81)), 0)), "")} | G81: {=IFERROR( INDEX(ATTENDANCE_INPUT!E:E, MATCH(1, (ATTENDANCE_INPUT!A:A=A81) * (ATTENDANCE_INPUT!V:V=_xludf.MAXIFS(ATTENDANCE_INPUT!V:V, ATTENDANCE_INPUT!A:A, A81)), 0)), "")} | H81: {=IF(ISNA(MATCH(A81,sheet2!A:A,0)),"⏳ Chưa test",IFERROR(INDEX(LEVEL_HELPER!A:A,MATCH(INDEX(sheet2!N:N,MATCH(A81,sheet2!A:A,0)),LEVEL_HELPER!B:B,0)),"⏳ Chưa test"))} -> Beginner | I81: {=IF(ISNA(MATCH(A81,sheet2!A:A,0)),H81,IF(INDEX(sheet2!O:O,MATCH(A81,sheet2!A:A,0))>0,IFERROR(INDEX(LEVEL_HELPER!A:A,MATCH(INDEX(sheet2!O:O,MATCH(A81,sheet2!A:A,0)),LEVEL_HELPER!B:B,0)),H81),H81))} -> Beginner | J81: =IFERROR(_xludf.MAXIFS(ATTENDANCE_LOG!F:F, ATTENDANCE_LOG!C:C, A81&"", ATTENDANCE_LOG!G:G, "Present"), "") | K81: =IF(J81="", "", IFERROR(TODAY()-DATEVALUE(LEFT(J81,10)), "")) | L81: =IF(AND(ISNUMBER(K81), K81>=30), "⚠ Possibly Dropped", "")
A82: 213889 | B82: LÊ TRIỆU HUẤN | C82: =IFERROR(__xludf.DUMMYFUNCTION("arrayformula(VLOOKUP(to_Text(A82),to_Text(sheet2!$A$1:M1002),13,0))"),"MOC") -> MOC | D82: =IFERROR(__xludf.DUMMYFUNCTION("arrayformula(VLOOKUP(to_Text(A82),to_Text(sheet2!$A$1:M1002),12,0))"),"DEV") -> DEV | E82: =IF(L82="⚠ Possibly Dropped","Inactive","Active") -> Active | F82: {=IFERROR( INDEX(ATTENDANCE_INPUT!D:D, MATCH(1, (ATTENDANCE_INPUT!A:A=A82) * (ATTENDANCE_INPUT!V:V=_xludf.MAXIFS(ATTENDANCE_INPUT!V:V, ATTENDANCE_INPUT!A:A, A82)), 0)), "")} | G82: {=IFERROR( INDEX(ATTENDANCE_INPUT!E:E, MATCH(1, (ATTENDANCE_INPUT!A:A=A82) * (ATTENDANCE_INPUT!V:V=_xludf.MAXIFS(ATTENDANCE_INPUT!V:V, ATTENDANCE_INPUT!A:A, A82)), 0)), "")} | H82: {=IF(ISNA(MATCH(A82,sheet2!A:A,0)),"⏳ Chưa test",IFERROR(INDEX(LEVEL_HELPER!A:A,MATCH(INDEX(sheet2!N:N,MATCH(A82,sheet2!A:A,0)),LEVEL_HELPER!B:B,0)),"⏳ Chưa test"))} -> Beginner | I82: {=IF(ISNA(MATCH(A82,sheet2!A:A,0)),H82,IF(INDEX(sheet2!O:O,MATCH(A82,sheet2!A:A,0))>0,IFERROR(INDEX(LEVEL_HELPER!A:A,MATCH(INDEX(sheet2!O:O,MATCH(A82,sheet2!A:A,0)),LEVEL_HELPER!B:B,0)),H82),H82))} -> Beginner | J82: =IFERROR(_xludf.MAXIFS(ATTENDANCE_LOG!F:F, ATTENDANCE_LOG!C:C, A82&"", ATTENDANCE_LOG!G:G, "Present"), "") | K82: =IF(J82="", "", IFERROR(TODAY()-DATEVALUE(LEFT(J82,10)), "")) | L82: =IF(AND(ISNUMBER(K82), K82>=30), "⚠ Possibly Dropped", "")
A83: 227058 | B83: LE VAN DONG TAM | C83: =IFERROR(__xludf.DUMMYFUNCTION("arrayformula(VLOOKUP(to_Text(A83),to_Text(sheet2!$A$1:M1002),13,0))"),"LBU") -> LBU | D83: =IFERROR(__xludf.DUMMYFUNCTION("arrayformula(VLOOKUP(to_Text(A83),to_Text(sheet2!$A$1:M1002),12,0))"),"BA") -> BA | E83: =IF(L83="⚠ Possibly Dropped","Inactive","Active") -> Active | F83: {=IFERROR( INDEX(ATTENDANCE_INPUT!D:D, MATCH(1, (ATTENDANCE_INPUT!A:A=A83) * (ATTENDANCE_INPUT!V:V=_xludf.MAXIFS(ATTENDANCE_INPUT!V:V, ATTENDANCE_INPUT!A:A, A83)), 0)), "")} | G83: {=IFERROR( INDEX(ATTENDANCE_INPUT!E:E, MATCH(1, (ATTENDANCE_INPUT!A:A=A83) * (ATTENDANCE_INPUT!V:V=_xludf.MAXIFS(ATTENDANCE_INPUT!V:V, ATTENDANCE_INPUT!A:A, A83)), 0)), "")} | H83: {=IF(ISNA(MATCH(A83,sheet2!A:A,0)),"⏳ Chưa test",IFERROR(INDEX(LEVEL_HELPER!A:A,MATCH(INDEX(sheet2!N:N,MATCH(A83,sheet2!A:A,0)),LEVEL_HELPER!B:B,0)),"⏳ Chưa test"))} -> Foundation | I83: {=IF(ISNA(MATCH(A83,sheet2!A:A,0)),H83,IF(INDEX(sheet2!O:O,MATCH(A83,sheet2!A:A,0))>0,IFERROR(INDEX(LEVEL_HELPER!A:A,MATCH(INDEX(sheet2!O:O,MATCH(A83,sheet2!A:A,0)),LEVEL_HELPER!B:B,0)),H83),H83))} -> Foundation | J83: =IFERROR(_xludf.MAXIFS(ATTENDANCE_LOG!F:F, ATTENDANCE_LOG!C:C, A83&"", ATTENDANCE_LOG!G:G, "Present"), "") | K83: =IF(J83="", "", IFERROR(TODAY()-DATEVALUE(LEFT(J83,10)), "")) | L83: =IF(AND(ISNUMBER(K83), K83>=30), "⚠ Possibly Dropped", "") | M83: Completed (no continuation) | N83: Prefer different learning format | R83: 247026 | S83: No further need to continue the course | T83: Learning goal achieved | U83: =IFERROR(__xludf.DUMMYFUNCTION("arrayformula(vlookup(to_text(R83),to_text($A$4:$B982),2,0))"),"ĐỖ HOÀNG MINH HUY") -> ĐỖ HOÀNG MINH HUY
A84: 113024 | B84: LÊ VĂN SƠN | C84: =IFERROR(__xludf.DUMMYFUNCTION("arrayformula(VLOOKUP(to_Text(A84),to_Text(sheet2!$A$1:M1002),13,0))"),"MOC") -> MOC | D84: =IFERROR(__xludf.DUMMYFUNCTION("arrayformula(VLOOKUP(to_Text(A84),to_Text(sheet2!$A$1:M1002),12,0))"),"DEV") -> DEV | E84: Waiting for class | F84: {=IFERROR( INDEX(ATTENDANCE_INPUT!D:D, MATCH(1, (ATTENDANCE_INPUT!A:A=A84) * (ATTENDANCE_INPUT!V:V=_xludf.MAXIFS(ATTENDANCE_INPUT!V:V, ATTENDANCE_INPUT!A:A, A84)), 0)), "")} | G84: {=IFERROR( INDEX(ATTENDANCE_INPUT!E:E, MATCH(1, (ATTENDANCE_INPUT!A:A=A84) * (ATTENDANCE_INPUT!V:V=_xludf.MAXIFS(ATTENDANCE_INPUT!V:V, ATTENDANCE_INPUT!A:A, A84)), 0)), "")} | H84: {=IF(ISNA(MATCH(A84,sheet2!A:A,0)),"⏳ Chưa test",IFERROR(INDEX(LEVEL_HELPER!A:A,MATCH(INDEX(sheet2!N:N,MATCH(A84,sheet2!A:A,0)),LEVEL_HELPER!B:B,0)),"⏳ Chưa test"))} -> Beginner | I84: {=IF(ISNA(MATCH(A84,sheet2!A:A,0)),H84,IF(INDEX(sheet2!O:O,MATCH(A84,sheet2!A:A,0))>0,IFERROR(INDEX(LEVEL_HELPER!A:A,MATCH(INDEX(sheet2!O:O,MATCH(A84,sheet2!A:A,0)),LEVEL_HELPER!B:B,0)),H84),H84))} -> Beginner | J84: =IFERROR(_xludf.MAXIFS(ATTENDANCE_LOG!F:F, ATTENDANCE_LOG!C:C, A84&"", ATTENDANCE_LOG!G:G, "Present"), "") | K84: =IF(J84="", "", IFERROR(TODAY()-DATEVALUE(LEFT(J84,10)), "")) | L84: =IF(AND(ISNUMBER(K84), K84>=30), "⚠ Possibly Dropped", "") | R84: 237167 | S84: Left | T84: Resgined | U84: =IFERROR(__xludf.DUMMYFUNCTION("arrayformula(vlookup(to_text(R84),to_text($A$4:$B1080),2,0))"),"#N/A") -> #N/A | V84: High workload
A85: 237169 | B85: LƯƠNG ANH TUẤN | C85: =IFERROR(__xludf.DUMMYFUNCTION("arrayformula(VLOOKUP(to_Text(A85),to_Text(sheet2!$A$1:M1002),13,0))"),"CHORUS") -> CHORUS | D85: =IFERROR(__xludf.DUMMYFUNCTION("arrayformula(VLOOKUP(to_Text(A85),to_Text(sheet2!$A$1:M1002),12,0))"),"DEV") -> DEV | E85: =IF(L85="⚠ Possibly Dropped","Inactive","Active") -> Active | F85: {=IFERROR( INDEX(ATTENDANCE_INPUT!D:D, MATCH(1, (ATTENDANCE_INPUT!A:A=A85) * (ATTENDANCE_INPUT!V:V=_xludf.MAXIFS(ATTENDANCE_INPUT!V:V, ATTENDANCE_INPUT!A:A, A85)), 0)), "")} | G85: {=IFERROR( INDEX(ATTENDANCE_INPUT!E:E, MATCH(1, (ATTENDANCE_INPUT!A:A=A85) * (ATTENDANCE_INPUT!V:V=_xludf.MAXIFS(ATTENDANCE_INPUT!V:V, ATTENDANCE_INPUT!A:A, A85)), 0)), "")} | H85: {=IF(ISNA(MATCH(A85,sheet2!A:A,0)),"⏳ Chưa test",IFERROR(INDEX(LEVEL_HELPER!A:A,MATCH(INDEX(sheet2!N:N,MATCH(A85,sheet2!A:A,0)),LEVEL_HELPER!B:B,0)),"⏳ Chưa test"))} -> Pre-Intermediate | I85: {=IF(ISNA(MATCH(A85,sheet2!A:A,0)),H85,IF(INDEX(sheet2!O:O,MATCH(A85,sheet2!A:A,0))>0,IFERROR(INDEX(LEVEL_HELPER!A:A,MATCH(INDEX(sheet2!O:O,MATCH(A85,sheet2!A:A,0)),LEVEL_HELPER!B:B,0)),H85),H85))} -> Pre-Intermediate | J85: =IFERROR(_xludf.MAXIFS(ATTENDANCE_LOG!F:F, ATTENDANCE_LOG!C:C, A85&"", ATTENDANCE_LOG!G:G, "Present"), "") | K85: =IF(J85="", "", IFERROR(TODAY()-DATEVALUE(LEFT(J85,10)), "")) | L85: =IF(AND(ISNUMBER(K85), K85>=30), "⚠ Possibly Dropped", "") | M85: Discontinued mid-course | N85: Resign | R85: 247001 | S85: High workload / Can't arrange time | T85: High workload | U85: =IFERROR(__xludf.DUMMYFUNCTION("arrayformula(vlookup(to_text(R85),to_text($A$4:$B998),2,0))"),"#N/A") -> #N/A
A86: 163188 | B86: LƯƠNG CÔNG KỲ | C86: =IFERROR(__xludf.DUMMYFUNCTION("arrayformula(VLOOKUP(to_Text(A86),to_Text(sheet2!$A$1:M1002),13,0))"),"MOC") -> MOC | D86: =IFERROR(__xludf.DUMMYFUNCTION("arrayformula(VLOOKUP(to_Text(A86),to_Text(sheet2!$A$1:M1002),12,0))"),"DEV") -> DEV | E86: =IF(L86="⚠ Possibly Dropped","Inactive","Active") -> Active | F86: {=IFERROR( INDEX(ATTENDANCE_INPUT!D:D, MATCH(1, (ATTENDANCE_INPUT!A:A=A86) * (ATTENDANCE_INPUT!V:V=_xludf.MAXIFS(ATTENDANCE_INPUT!V:V, ATTENDANCE_INPUT!A:A, A86)), 0)), "")} | G86: {=IFERROR( INDEX(ATTENDANCE_INPUT!E:E, MATCH(1, (ATTENDANCE_INPUT!A:A=A86) * (ATTENDANCE_INPUT!V:V=_xludf.MAXIFS(ATTENDANCE_INPUT!V:V, ATTENDANCE_INPUT!A:A, A86)), 0)), "")} | H86: {=IF(ISNA(MATCH(A86,sheet2!A:A,0)),"⏳ Chưa test",IFERROR(INDEX(LEVEL_HELPER!A:A,MATCH(INDEX(sheet2!N:N,MATCH(A86,sheet2!A:A,0)),LEVEL_HELPER!B:B,0)),"⏳ Chưa test"))} -> Beginner | I86: {=IF(ISNA(MATCH(A86,sheet2!A:A,0)),H86,IF(INDEX(sheet2!O:O,MATCH(A86,sheet2!A:A,0))>0,IFERROR(INDEX(LEVEL_HELPER!A:A,MATCH(INDEX(sheet2!O:O,MATCH(A86,sheet2!A:A,0)),LEVEL_HELPER!B:B,0)),H86),H86))} -> Beginner | J86: =IFERROR(_xludf.MAXIFS(ATTENDANCE_LOG!F:F, ATTENDANCE_LOG!C:C, A86&"", ATTENDANCE_LOG!G:G, "Present"), "") | K86: =IF(J86="", "", IFERROR(TODAY()-DATEVALUE(LEFT(J86,10)), "")) | L86: =IF(AND(ISNUMBER(K86), K86>=30), "⚠ Possibly Dropped", "")
A87: 193519 | B87: LƯƠNG MINH QUÂN | C87: =IFERROR(__xludf.DUMMYFUNCTION("arrayformula(VLOOKUP(to_Text(A87),to_Text(sheet2!$A$1:M1002),13,0))"),"ONC") -> ONC | D87: =IFERROR(__xludf.DUMMYFUNCTION("arrayformula(VLOOKUP(to_Text(A87),to_Text(sheet2!$A$1:M1002),12,0))"),"DEV") -> DEV | E87: Inactive | F87: {=IFERROR( INDEX(ATTENDANCE_INPUT!D:D, MATCH(1, (ATTENDANCE_INPUT!A:A=A87) * (ATTENDANCE_INPUT!V:V=_xludf.MAXIFS(ATTENDANCE_INPUT!V:V, ATTENDANCE_INPUT!A:A, A87)), 0)), "")} | G87: {=IFERROR( INDEX(ATTENDANCE_INPUT!E:E, MATCH(1, (ATTENDANCE_INPUT!A:A=A87) * (ATTENDANCE_INPUT!V:V=_xludf.MAXIFS(ATTENDANCE_INPUT!V:V, ATTENDANCE_INPUT!A:A, A87)), 0)), "")} | H87: {=IF(ISNA(MATCH(A87,sheet2!A:A,0)),"⏳ Chưa test",IFERROR(INDEX(LEVEL_HELPER!A:A,MATCH(INDEX(sheet2!N:N,MATCH(A87,sheet2!A:A,0)),LEVEL_HELPER!B:B,0)),"⏳ Chưa test"))} -> Beginner | I87: {=IF(ISNA(MATCH(A87,sheet2!A:A,0)),H87,IF(INDEX(sheet2!O:O,MATCH(A87,sheet2!A:A,0))>0,IFERROR(INDEX(LEVEL_HELPER!A:A,MATCH(INDEX(sheet2!O:O,MATCH(A87,sheet2!A:A,0)),LEVEL_HELPER!B:B,0)),H87),H87))} -> Beginner | J87: =IFERROR(_xludf.MAXIFS(ATTENDANCE_LOG!F:F, ATTENDANCE_LOG!C:C, A87&"", ATTENDANCE_LOG!G:G, "Present"), "") | K87: =IF(J87="", "", IFERROR(TODAY()-DATEVALUE(LEFT(J87,10)), "")) | L87: =IF(AND(ISNUMBER(K87), K87>=30), "⚠ Possibly Dropped", "") | M87: Discontinued mid-course | N87: Resign
A88: 237206 | B88: LƯƠNG TRÀ VY | C88: =IFERROR(__xludf.DUMMYFUNCTION("arrayformula(VLOOKUP(to_Text(A88),to_Text(sheet2!$A$1:M1002),13,0))"),"LBU") -> LBU | D88: =IFERROR(__xludf.DUMMYFUNCTION("arrayformula(VLOOKUP(to_Text(A88),to_Text(sheet2!$A$1:M1002),12,0))"),"GSD") -> GSD | E88: =IF(L88="⚠ Possibly Dropped","Inactive","Active") -> Active | F88: {=IFERROR( INDEX(ATTENDANCE_INPUT!D:D, MATCH(1, (ATTENDANCE_INPUT!A:A=A88) * (ATTENDANCE_INPUT!V:V=_xludf.MAXIFS(ATTENDANCE_INPUT!V:V, ATTENDANCE_INPUT!A:A, A88)), 0)), "")} | G88: {=IFERROR( INDEX(ATTENDANCE_INPUT!E:E, MATCH(1, (ATTENDANCE_INPUT!A:A=A88) * (ATTENDANCE_INPUT!V:V=_xludf.MAXIFS(ATTENDANCE_INPUT!V:V, ATTENDANCE_INPUT!A:A, A88)), 0)), "")} | H88: {=IF(ISNA(MATCH(A88,sheet2!A:A,0)),"⏳ Chưa test",IFERROR(INDEX(LEVEL_HELPER!A:A,MATCH(INDEX(sheet2!N:N,MATCH(A88,sheet2!A:A,0)),LEVEL_HELPER!B:B,0)),"⏳ Chưa test"))} -> Beginner | I88: {=IF(ISNA(MATCH(A88,sheet2!A:A,0)),H88,IF(INDEX(sheet2!O:O,MATCH(A88,sheet2!A:A,0))>0,IFERROR(INDEX(LEVEL_HELPER!A:A,MATCH(INDEX(sheet2!O:O,MATCH(A88,sheet2!A:A,0)),LEVEL_HELPER!B:B,0)),H88),H88))} -> Beginner | J88: =IFERROR(_xludf.MAXIFS(ATTENDANCE_LOG!F:F, ATTENDANCE_LOG!C:C, A88&"", ATTENDANCE_LOG!G:G, "Present"), "") | K88: =IF(J88="", "", IFERROR(TODAY()-DATEVALUE(LEFT(J88,10)), "")) | L88: =IF(AND(ISNUMBER(K88), K88>=30), "⚠ Possibly Dropped", "")
A89: 133051 | B89: LÝ KHÁNH LONG | C89: =IFERROR(__xludf.DUMMYFUNCTION("arrayformula(VLOOKUP(to_Text(A89),to_Text(sheet2!$A$1:M1002),13,0))"),"TBU") -> TBU | D89: =IFERROR(__xludf.DUMMYFUNCTION("arrayformula(VLOOKUP(to_Text(A89),to_Text(sheet2!$A$1:M1002),12,0))"),"DEV") -> DEV | E89: =IF(L89="⚠ Possibly Dropped","Inactive","Active") -> Active | F89: {=IFERROR( INDEX(ATTENDANCE_INPUT!D:D, MATCH(1, (ATTENDANCE_INPUT!A:A=A89) * (ATTENDANCE_INPUT!V:V=_xludf.MAXIFS(ATTENDANCE_INPUT!V:V, ATTENDANCE_INPUT!A:A, A89)), 0)), "")} | G89: {=IFERROR( INDEX(ATTENDANCE_INPUT!E:E, MATCH(1, (ATTENDANCE_INPUT!A:A=A89) * (ATTENDANCE_INPUT!V:V=_xludf.MAXIFS(ATTENDANCE_INPUT!V:V, ATTENDANCE_INPUT!A:A, A89)), 0)), "")} | H89: {=IF(ISNA(MATCH(A89,sheet2!A:A,0)),"⏳ Chưa test",IFERROR(INDEX(LEVEL_HELPER!A:A,MATCH(INDEX(sheet2!N:N,MATCH(A89,sheet2!A:A,0)),LEVEL_HELPER!B:B,0)),"⏳ Chưa test"))} -> Beginner | I89: {=IF(ISNA(MATCH(A89,sheet2!A:A,0)),H89,IF(INDEX(sheet2!O:O,MATCH(A89,sheet2!A:A,0))>0,IFERROR(INDEX(LEVEL_HELPER!A:A,MATCH(INDEX(sheet2!O:O,MATCH(A89,sheet2!A:A,0)),LEVEL_HELPER!B:B,0)),H89),H89))} -> Beginner | J89: =IFERROR(_xludf.MAXIFS(ATTENDANCE_LOG!F:F, ATTENDANCE_LOG!C:C, A89&"", ATTENDANCE_LOG!G:G, "Present"), "") | K89: =IF(J89="", "", IFERROR(TODAY()-DATEVALUE(LEFT(J89,10)), "")) | L89: =IF(AND(ISNUMBER(K89), K89>=30), "⚠ Possibly Dropped", "") | O89: Final test on Apr 24, need to ask if they'll continue
A90: 193443 | B90: LÝ THỊ BÉ XÍU | C90: =IFERROR(__xludf.DUMMYFUNCTION("arrayformula(VLOOKUP(to_Text(A90),to_Text(sheet2!$A$1:M1002),13,0))"),"ONC") -> ONC | D90: =IFERROR(__xludf.DUMMYFUNCTION("arrayformula(VLOOKUP(to_Text(A90),to_Text(sheet2!$A$1:M1002),12,0))"),"QC") -> QC | E90: Inactive | F90: {=IFERROR( INDEX(ATTENDANCE_INPUT!D:D, MATCH(1, (ATTENDANCE_INPUT!A:A=A90) * (ATTENDANCE_INPUT!V:V=_xludf.MAXIFS(ATTENDANCE_INPUT!V:V, ATTENDANCE_INPUT!A:A, A90)), 0)), "")} | G90: {=IFERROR( INDEX(ATTENDANCE_INPUT!E:E, MATCH(1, (ATTENDANCE_INPUT!A:A=A90) * (ATTENDANCE_INPUT!V:V=_xludf.MAXIFS(ATTENDANCE_INPUT!V:V, ATTENDANCE_INPUT!A:A, A90)), 0)), "")} | H90: {=IF(ISNA(MATCH(A90,sheet2!A:A,0)),"⏳ Chưa test",IFERROR(INDEX(LEVEL_HELPER!A:A,MATCH(INDEX(sheet2!N:N,MATCH(A90,sheet2!A:A,0)),LEVEL_HELPER!B:B,0)),"⏳ Chưa test"))} -> Beginner | I90: {=IF(ISNA(MATCH(A90,sheet2!A:A,0)),H90,IF(INDEX(sheet2!O:O,MATCH(A90,sheet2!A:A,0))>0,IFERROR(INDEX(LEVEL_HELPER!A:A,MATCH(INDEX(sheet2!O:O,MATCH(A90,sheet2!A:A,0)),LEVEL_HELPER!B:B,0)),H90),H90))} -> Beginner | J90: =IFERROR(_xludf.MAXIFS(ATTENDANCE_LOG!F:F, ATTENDANCE_LOG!C:C, A90&"", ATTENDANCE_LOG!G:G, "Present"), "") | K90: =IF(J90="", "", IFERROR(TODAY()-DATEVALUE(LEFT(J90,10)), "")) | L90: =IF(AND(ISNUMBER(K90), K90>=30), "⚠ Possibly Dropped", "") | M90: Completed (no continuation) | N90: High workload
A91: 143079 | B91: LÝ THỊ DIỄM MY | C91: =IFERROR(__xludf.DUMMYFUNCTION("arrayformula(VLOOKUP(to_Text(A91),to_Text(sheet2!$A$1:M1002),13,0))"),"POC") -> POC | D91: =IFERROR(__xludf.DUMMYFUNCTION("arrayformula(VLOOKUP(to_Text(A91),to_Text(sheet2!$A$1:M1002),12,0))"),"QC") -> QC | E91: =IF(L91="⚠ Possibly Dropped","Inactive","Active") -> Active | F91: {=IFERROR( INDEX(ATTENDANCE_INPUT!D:D, MATCH(1, (ATTENDANCE_INPUT!A:A=A91) * (ATTENDANCE_INPUT!V:V=_xludf.MAXIFS(ATTENDANCE_INPUT!V:V, ATTENDANCE_INPUT!A:A, A91)), 0)), "")} | G91: {=IFERROR( INDEX(ATTENDANCE_INPUT!E:E, MATCH(1, (ATTENDANCE_INPUT!A:A=A91) * (ATTENDANCE_INPUT!V:V=_xludf.MAXIFS(ATTENDANCE_INPUT!V:V, ATTENDANCE_INPUT!A:A, A91)), 0)), "")} | H91: {=IF(ISNA(MATCH(A91,sheet2!A:A,0)),"⏳ Chưa test",IFERROR(INDEX(LEVEL_HELPER!A:A,MATCH(INDEX(sheet2!N:N,MATCH(A91,sheet2!A:A,0)),LEVEL_HELPER!B:B,0)),"⏳ Chưa test"))} -> Beginner | I91: {=IF(ISNA(MATCH(A91,sheet2!A:A,0)),H91,IF(INDEX(sheet2!O:O,MATCH(A91,sheet2!A:A,0))>0,IFERROR(INDEX(LEVEL_HELPER!A:A,MATCH(INDEX(sheet2!O:O,MATCH(A91,sheet2!A:A,0)),LEVEL_HELPER!B:B,0)),H91),H91))} -> Beginner | J91: =IFERROR(_xludf.MAXIFS(ATTENDANCE_LOG!F:F, ATTENDANCE_LOG!C:C, A91&"", ATTENDANCE_LOG!G:G, "Present"), "") | K91: =IF(J91="", "", IFERROR(TODAY()-DATEVALUE(LEFT(J91,10)), "")) | L91: =IF(AND(ISNUMBER(K91), K91>=30), "⚠ Possibly Dropped", "") | R91: 173239 | S91: Maternity leave | T91: Maternity leave | U91: #N/A
A92: 247080 | B92: MAI THỊ THÙY TRANG | C92: =IFERROR(__xludf.DUMMYFUNCTION("arrayformula(VLOOKUP(to_Text(A92),to_Text(sheet2!$A$1:M1002),13,0))"),"CHORUS") -> CHORUS | D92: =IFERROR(__xludf.DUMMYFUNCTION("arrayformula(VLOOKUP(to_Text(A92),to_Text(sheet2!$A$1:M1002),12,0))"),"QC") -> QC | E92: Inactive | F92: {=IFERROR( INDEX(ATTENDANCE_INPUT!D:D, MATCH(1, (ATTENDANCE_INPUT!A:A=A92) * (ATTENDANCE_INPUT!V:V=_xludf.MAXIFS(ATTENDANCE_INPUT!V:V, ATTENDANCE_INPUT!A:A, A92)), 0)), "")} | G92: {=IFERROR( INDEX(ATTENDANCE_INPUT!E:E, MATCH(1, (ATTENDANCE_INPUT!A:A=A92) * (ATTENDANCE_INPUT!V:V=_xludf.MAXIFS(ATTENDANCE_INPUT!V:V, ATTENDANCE_INPUT!A:A, A92)), 0)), "")} | H92: {=IF(ISNA(MATCH(A92,sheet2!A:A,0)),"⏳ Chưa test",IFERROR(INDEX(LEVEL_HELPER!A:A,MATCH(INDEX(sheet2!N:N,MATCH(A92,sheet2!A:A,0)),LEVEL_HELPER!B:B,0)),"⏳ Chưa test"))} -> Beginner | I92: {=IF(ISNA(MATCH(A92,sheet2!A:A,0)),H92,IF(INDEX(sheet2!O:O,MATCH(A92,sheet2!A:A,0))>0,IFERROR(INDEX(LEVEL_HELPER!A:A,MATCH(INDEX(sheet2!O:O,MATCH(A92,sheet2!A:A,0)),LEVEL_HELPER!B:B,0)),H92),H92))} -> Beginner | J92: =IFERROR(_xludf.MAXIFS(ATTENDANCE_LOG!F:F, ATTENDANCE_LOG!C:C, A92&"", ATTENDANCE_LOG!G:G, "Present"), "") | K92: =IF(J92="", "", IFERROR(TODAY()-DATEVALUE(LEFT(J92,10)), "")) | L92: =IF(AND(ISNUMBER(K92), K92>=30), "⚠ Possibly Dropped", "") | M92: Discontinued mid-course | N92: High workload
A93: 247357 | B93: NGÔ MINH HIẾU | C93: =IFERROR(__xludf.DUMMYFUNCTION("arrayformula(VLOOKUP(to_Text(A93),to_Text(sheet2!$A$1:M1002),13,0))"),"ONC") -> ONC | D93: =IFERROR(__xludf.DUMMYFUNCTION("arrayformula(VLOOKUP(to_Text(A93),to_Text(sheet2!$A$1:M1002),12,0))"),"DEV") -> DEV | E93: Inactive | F93: {=IFERROR( INDEX(ATTENDANCE_INPUT!D:D, MATCH(1, (ATTENDANCE_INPUT!A:A=A93) * (ATTENDANCE_INPUT!V:V=_xludf.MAXIFS(ATTENDANCE_INPUT!V:V, ATTENDANCE_INPUT!A:A, A93)), 0)), "")} | G93: {=IFERROR( INDEX(ATTENDANCE_INPUT!E:E, MATCH(1, (ATTENDANCE_INPUT!A:A=A93) * (ATTENDANCE_INPUT!V:V=_xludf.MAXIFS(ATTENDANCE_INPUT!V:V, ATTENDANCE_INPUT!A:A, A93)), 0)), "")} | H93: {=IF(ISNA(MATCH(A93,sheet2!A:A,0)),"⏳ Chưa test",IFERROR(INDEX(LEVEL_HELPER!A:A,MATCH(INDEX(sheet2!N:N,MATCH(A93,sheet2!A:A,0)),LEVEL_HELPER!B:B,0)),"⏳ Chưa test"))} -> Beginner | I93: {=IF(ISNA(MATCH(A93,sheet2!A:A,0)),H93,IF(INDEX(sheet2!O:O,MATCH(A93,sheet2!A:A,0))>0,IFERROR(INDEX(LEVEL_HELPER!A:A,MATCH(INDEX(sheet2!O:O,MATCH(A93,sheet2!A:A,0)),LEVEL_HELPER!B:B,0)),H93),H93))} -> Beginner | J93: =IFERROR(_xludf.MAXIFS(ATTENDANCE_LOG!F:F, ATTENDANCE_LOG!C:C, A93&"", ATTENDANCE_LOG!G:G, "Present"), "") | K93: =IF(J93="", "", IFERROR(TODAY()-DATEVALUE(LEFT(J93,10)), "")) | L93: =IF(AND(ISNUMBER(K93), K93>=30), "⚠ Possibly Dropped", "") | M93: Completed (no continuation) | N93: High workload
A94: 247265 | B94: NGÔ THỤY THANH NHƯ | C94: =IFERROR(__xludf.DUMMYFUNCTION("arrayformula(VLOOKUP(to_Text(A94),to_Text(sheet2!$A$1:M1002),13,0))"),"CHORUS") -> CHORUS | D94: =IFERROR(__xludf.DUMMYFUNCTION("arrayformula(VLOOKUP(to_Text(A94),to_Text(sheet2!$A$1:M1002),12,0))"),"UI/UX") -> UI/UX | E94: Inactive | F94: {=IFERROR( INDEX(ATTENDANCE_INPUT!D:D, MATCH(1, (ATTENDANCE_INPUT!A:A=A94) * (ATTENDANCE_INPUT!V:V=_xludf.MAXIFS(ATTENDANCE_INPUT!V:V, ATTENDANCE_INPUT!A:A, A94)), 0)), "")} | G94: {=IFERROR( INDEX(ATTENDANCE_INPUT!E:E, MATCH(1, (ATTENDANCE_INPUT!A:A=A94) * (ATTENDANCE_INPUT!V:V=_xludf.MAXIFS(ATTENDANCE_INPUT!V:V, ATTENDANCE_INPUT!A:A, A94)), 0)), "")} | H94: {=IF(ISNA(MATCH(A94,sheet2!A:A,0)),"⏳ Chưa test",IFERROR(INDEX(LEVEL_HELPER!A:A,MATCH(INDEX(sheet2!N:N,MATCH(A94,sheet2!A:A,0)),LEVEL_HELPER!B:B,0)),"⏳ Chưa test"))} -> Beginner | I94: {=IF(ISNA(MATCH(A94,sheet2!A:A,0)),H94,IF(INDEX(sheet2!O:O,MATCH(A94,sheet2!A:A,0))>0,IFERROR(INDEX(LEVEL_HELPER!A:A,MATCH(INDEX(sheet2!O:O,MATCH(A94,sheet2!A:A,0)),LEVEL_HELPER!B:B,0)),H94),H94))} -> Beginner | J94: =IFERROR(_xludf.MAXIFS(ATTENDANCE_LOG!F:F, ATTENDANCE_LOG!C:C, A94&"", ATTENDANCE_LOG!G:G, "Present"), "") | K94: =IF(J94="", "", IFERROR(TODAY()-DATEVALUE(LEFT(J94,10)), "")) | L94: =IF(AND(ISNUMBER(K94), K94>=30), "⚠ Possibly Dropped", "") | M94: Completed (no continuation) | N94: High workload | R94: 227171 | S94: Above the team's level | T94: Above the team's level | U94: #N/A
A95: 247200 | B95: NGÔ TRỌNG NGHĨA | C95: =IFERROR(__xludf.DUMMYFUNCTION("arrayformula(VLOOKUP(to_Text(A95),to_Text(sheet2!$A$1:M1002),13,0))"),"CHORUS") -> CHORUS | D95: =IFERROR(__xludf.DUMMYFUNCTION("arrayformula(VLOOKUP(to_Text(A95),to_Text(sheet2!$A$1:M1002),12,0))"),"DEV") -> DEV | E95: Inactive | F95: {=IFERROR( INDEX(ATTENDANCE_INPUT!D:D, MATCH(1, (ATTENDANCE_INPUT!A:A=A95) * (ATTENDANCE_INPUT!V:V=_xludf.MAXIFS(ATTENDANCE_INPUT!V:V, ATTENDANCE_INPUT!A:A, A95)), 0)), "")} | G95: {=IFERROR( INDEX(ATTENDANCE_INPUT!E:E, MATCH(1, (ATTENDANCE_INPUT!A:A=A95) * (ATTENDANCE_INPUT!V:V=_xludf.MAXIFS(ATTENDANCE_INPUT!V:V, ATTENDANCE_INPUT!A:A, A95)), 0)), "")} | H95: {=IF(ISNA(MATCH(A95,sheet2!A:A,0)),"⏳ Chưa test",IFERROR(INDEX(LEVEL_HELPER!A:A,MATCH(INDEX(sheet2!N:N,MATCH(A95,sheet2!A:A,0)),LEVEL_HELPER!B:B,0)),"⏳ Chưa test"))} -> Beginner | I95: {=IF(ISNA(MATCH(A95,sheet2!A:A,0)),H95,IF(INDEX(sheet2!O:O,MATCH(A95,sheet2!A:A,0))>0,IFERROR(INDEX(LEVEL_HELPER!A:A,MATCH(INDEX(sheet2!O:O,MATCH(A95,sheet2!A:A,0)),LEVEL_HELPER!B:B,0)),H95),H95))} -> Beginner | J95: =IFERROR(_xludf.MAXIFS(ATTENDANCE_LOG!F:F, ATTENDANCE_LOG!C:C, A95&"", ATTENDANCE_LOG!G:G, "Present"), "") | K95: =IF(J95="", "", IFERROR(TODAY()-DATEVALUE(LEFT(J95,10)), "")) | L95: =IF(AND(ISNUMBER(K95), K95>=30), "⚠ Possibly Dropped", "") | M95: Completed (no continuation) | N95: High workload | R95: 247173 | S95: Ungroup team | T95: Team restructuring | U95: #N/A
A96: 193447 | B96: NGUYỄN ANH ĐỨC | C96: =IFERROR(__xludf.DUMMYFUNCTION("arrayformula(VLOOKUP(to_Text(A96),to_Text(sheet2!$A$1:M1002),13,0))"),"LBU") -> LBU | D96: =IFERROR(__xludf.DUMMYFUNCTION("arrayformula(VLOOKUP(to_Text(A96),to_Text(sheet2!$A$1:M1002),12,0))"),"DEV") -> DEV | E96: =IF(L96="⚠ Possibly Dropped","Inactive","Active") -> Active | F96: {=IFERROR( INDEX(ATTENDANCE_INPUT!D:D, MATCH(1, (ATTENDANCE_INPUT!A:A=A96) * (ATTENDANCE_INPUT!V:V=_xludf.MAXIFS(ATTENDANCE_INPUT!V:V, ATTENDANCE_INPUT!A:A, A96)), 0)), "")} | G96: {=IFERROR( INDEX(ATTENDANCE_INPUT!E:E, MATCH(1, (ATTENDANCE_INPUT!A:A=A96) * (ATTENDANCE_INPUT!V:V=_xludf.MAXIFS(ATTENDANCE_INPUT!V:V, ATTENDANCE_INPUT!A:A, A96)), 0)), "")} | H96: {=IF(ISNA(MATCH(A96,sheet2!A:A,0)),"⏳ Chưa test",IFERROR(INDEX(LEVEL_HELPER!A:A,MATCH(INDEX(sheet2!N:N,MATCH(A96,sheet2!A:A,0)),LEVEL_HELPER!B:B,0)),"⏳ Chưa test"))} -> Pre-Intermediate | I96: {=IF(ISNA(MATCH(A96,sheet2!A:A,0)),H96,IF(INDEX(sheet2!O:O,MATCH(A96,sheet2!A:A,0))>0,IFERROR(INDEX(LEVEL_HELPER!A:A,MATCH(INDEX(sheet2!O:O,MATCH(A96,sheet2!A:A,0)),LEVEL_HELPER!B:B,0)),H96),H96))} -> Pre-Intermediate | J96: =IFERROR(_xludf.MAXIFS(ATTENDANCE_LOG!F:F, ATTENDANCE_LOG!C:C, A96&"", ATTENDANCE_LOG!G:G, "Present"), "") | K96: =IF(J96="", "", IFERROR(TODAY()-DATEVALUE(LEFT(J96,10)), "")) | L96: =IF(AND(ISNUMBER(K96), K96>=30), "⚠ Possibly Dropped", "") | R96: 213828 | S96: Left | T96: Resgined | U96: #N/A
A97: 237157 | B97: NGUYỄN BÁ NGỌC | C97: =IFERROR(__xludf.DUMMYFUNCTION("arrayformula(VLOOKUP(to_Text(A97),to_Text(sheet2!$A$1:M1002),13,0))"),"MOC") -> MOC | D97: =IFERROR(__xludf.DUMMYFUNCTION("arrayformula(VLOOKUP(to_Text(A97),to_Text(sheet2!$A$1:M1002),12,0))"),"DEV") -> DEV | E97: Inactive | F97: {=IFERROR( INDEX(ATTENDANCE_INPUT!D:D, MATCH(1, (ATTENDANCE_INPUT!A:A=A97) * (ATTENDANCE_INPUT!V:V=_xludf.MAXIFS(ATTENDANCE_INPUT!V:V, ATTENDANCE_INPUT!A:A, A97)), 0)), "")} | G97: {=IFERROR( INDEX(ATTENDANCE_INPUT!E:E, MATCH(1, (ATTENDANCE_INPUT!A:A=A97) * (ATTENDANCE_INPUT!V:V=_xludf.MAXIFS(ATTENDANCE_INPUT!V:V, ATTENDANCE_INPUT!A:A, A97)), 0)), "")} | H97: {=IF(ISNA(MATCH(A97,sheet2!A:A,0)),"⏳ Chưa test",IFERROR(INDEX(LEVEL_HELPER!A:A,MATCH(INDEX(sheet2!N:N,MATCH(A97,sheet2!A:A,0)),LEVEL_HELPER!B:B,0)),"⏳ Chưa test"))} -> Beginner | I97: {=IF(ISNA(MATCH(A97,sheet2!A:A,0)),H97,IF(INDEX(sheet2!O:O,MATCH(A97,sheet2!A:A,0))>0,IFERROR(INDEX(LEVEL_HELPER!A:A,MATCH(INDEX(sheet2!O:O,MATCH(A97,sheet2!A:A,0)),LEVEL_HELPER!B:B,0)),H97),H97))} -> Beginner | J97: =IFERROR(_xludf.MAXIFS(ATTENDANCE_LOG!F:F, ATTENDANCE_LOG!C:C, A97&"", ATTENDANCE_LOG!G:G, "Present"), "") | K97: =IF(J97="", "", IFERROR(TODAY()-DATEVALUE(LEFT(J97,10)), "")) | L97: =IF(AND(ISNUMBER(K97), K97>=30), "⚠ Possibly Dropped", "") | M97: Completed (no continuation) | N97: Learning goal achieved
A98: 227080 | B98: NGUYỄN BÁ PHI NHẬT | C98: =IFERROR(__xludf.DUMMYFUNCTION("arrayformula(VLOOKUP(to_Text(A98),to_Text(sheet2!$A$1:M1002),13,0))"),"TBU") -> TBU | D98: =IFERROR(__xludf.DUMMYFUNCTION("arrayformula(VLOOKUP(to_Text(A98),to_Text(sheet2!$A$1:M1002),12,0))"),"DEV") -> DEV | E98: Inactive | F98: {=IFERROR( INDEX(ATTENDANCE_INPUT!D:D, MATCH(1, (ATTENDANCE_INPUT!A:A=A98) * (ATTENDANCE_INPUT!V:V=_xludf.MAXIFS(ATTENDANCE_INPUT!V:V, ATTENDANCE_INPUT!A:A, A98)), 0)), "")} | G98: {=IFERROR( INDEX(ATTENDANCE_INPUT!E:E, MATCH(1, (ATTENDANCE_INPUT!A:A=A98) * (ATTENDANCE_INPUT!V:V=_xludf.MAXIFS(ATTENDANCE_INPUT!V:V, ATTENDANCE_INPUT!A:A, A98)), 0)), "")} | H98: {=IF(ISNA(MATCH(A98,sheet2!A:A,0)),"⏳ Chưa test",IFERROR(INDEX(LEVEL_HELPER!A:A,MATCH(INDEX(sheet2!N:N,MATCH(A98,sheet2!A:A,0)),LEVEL_HELPER!B:B,0)),"⏳ Chưa test"))} -> Pre-Intermediate | I98: {=IF(ISNA(MATCH(A98,sheet2!A:A,0)),H98,IF(INDEX(sheet2!O:O,MATCH(A98,sheet2!A:A,0))>0,IFERROR(INDEX(LEVEL_HELPER!A:A,MATCH(INDEX(sheet2!O:O,MATCH(A98,sheet2!A:A,0)),LEVEL_HELPER!B:B,0)),H98),H98))} -> Pre-Intermediate | J98: =IFERROR(_xludf.MAXIFS(ATTENDANCE_LOG!F:F, ATTENDANCE_LOG!C:C, A98&"", ATTENDANCE_LOG!G:G, "Present"), "") | K98: =IF(J98="", "", IFERROR(TODAY()-DATEVALUE(LEFT(J98,10)), "")) | L98: =IF(AND(ISNUMBER(K98), K98>=30), "⚠ Possibly Dropped", "") | M98: Discontinued mid-course | N98: Resign
A99: 247378 | B99: NGUYỄN BẢO ĐẠT | C99: =IFERROR(__xludf.DUMMYFUNCTION("arrayformula(VLOOKUP(to_Text(A99),to_Text(sheet2!$A$1:M1002),13,0))"),"MOC") -> MOC | D99: =IFERROR(__xludf.DUMMYFUNCTION("arrayformula(VLOOKUP(to_Text(A99),to_Text(sheet2!$A$1:M1002),12,0))"),"QC") -> QC | E99: Inactive | F99: {=IFERROR( INDEX(ATTENDANCE_INPUT!D:D, MATCH(1, (ATTENDANCE_INPUT!A:A=A99) * (ATTENDANCE_INPUT!V:V=_xludf.MAXIFS(ATTENDANCE_INPUT!V:V, ATTENDANCE_INPUT!A:A, A99)), 0)), "")} | G99: {=IFERROR( INDEX(ATTENDANCE_INPUT!E:E, MATCH(1, (ATTENDANCE_INPUT!A:A=A99) * (ATTENDANCE_INPUT!V:V=_xludf.MAXIFS(ATTENDANCE_INPUT!V:V, ATTENDANCE_INPUT!A:A, A99)), 0)), "")} | H99: {=IF(ISNA(MATCH(A99,sheet2!A:A,0)),"⏳ Chưa test",IFERROR(INDEX(LEVEL_HELPER!A:A,MATCH(INDEX(sheet2!N:N,MATCH(A99,sheet2!A:A,0)),LEVEL_HELPER!B:B,0)),"⏳ Chưa test"))} -> Beginner | I99: {=IF(ISNA(MATCH(A99,sheet2!A:A,0)),H99,IF(INDEX(sheet2!O:O,MATCH(A99,sheet2!A:A,0))>0,IFERROR(INDEX(LEVEL_HELPER!A:A,MATCH(INDEX(sheet2!O:O,MATCH(A99,sheet2!A:A,0)),LEVEL_HELPER!B:B,0)),H99),H99))} -> Beginner | J99: =IFERROR(_xludf.MAXIFS(ATTENDANCE_LOG!F:F, ATTENDANCE_LOG!C:C, A99&"", ATTENDANCE_LOG!G:G, "Present"), "") | K99: =IF(J99="", "", IFERROR(TODAY()-DATEVALUE(LEFT(J99,10)), "")) | L99: =IF(AND(ISNUMBER(K99), K99>=30), "⚠ Possibly Dropped", "") | M99: Discontinued mid-course | N99: High workload | R99: 247140 | S99: Ungroup team | T99: Team restructuring | U99: =IFERROR(__xludf.DUMMYFUNCTION("arrayformula(vlookup(to_text(R99),to_text($A$4:$B1087),2,0))"),"#N/A") -> #N/A
A100: 257045 | B100: NGUYỄN BẢO DUY | C100: =IFERROR(__xludf.DUMMYFUNCTION("arrayformula(VLOOKUP(to_Text(A100),to_Text(sheet2!$A$1:M1002),13,0))"),"TBU") -> TBU | D100: =IFERROR(__xludf.DUMMYFUNCTION("arrayformula(VLOOKUP(to_Text(A100),to_Text(sheet2!$A$1:M1002),12,0))"),"GSD") -> GSD | E100: Inactive | F100: {=IFERROR( INDEX(ATTENDANCE_INPUT!D:D, MATCH(1, (ATTENDANCE_INPUT!A:A=A100) * (ATTENDANCE_INPUT!V:V=_xludf.MAXIFS(ATTENDANCE_INPUT!V:V, ATTENDANCE_INPUT!A:A, A100)), 0)), "")} | G100: {=IFERROR( INDEX(ATTENDANCE_INPUT!E:E, MATCH(1, (ATTENDANCE_INPUT!A:A=A100) * (ATTENDANCE_INPUT!V:V=_xludf.MAXIFS(ATTENDANCE_INPUT!V:V, ATTENDANCE_INPUT!A:A, A100)), 0)), "")} | H100: {=IF(ISNA(MATCH(A100,sheet2!A:A,0)),"⏳ Chưa test",IFERROR(INDEX(LEVEL_HELPER!A:A,MATCH(INDEX(sheet2!N:N,MATCH(A100,sheet2!A:A,0)),LEVEL_HELPER!B:B,0)),"⏳ Chưa test"))} -> Beginner | I100: {=IF(ISNA(MATCH(A100,sheet2!A:A,0)),H100,IF(INDEX(sheet2!O:O,MATCH(A100,sheet2!A:A,0))>0,IFERROR(INDEX(LEVEL_HELPER!A:A,MATCH(INDEX(sheet2!O:O,MATCH(A100,sheet2!A:A,0)),LEVEL_HELPER!B:B,0)),H100),H100))} -> Beginner | J100: =IFERROR(_xludf.MAXIFS(ATTENDANCE_LOG!F:F, ATTENDANCE_LOG!C:C, A100&"", ATTENDANCE_LOG!G:G, "Present"), "") | K100: =IF(J100="", "", IFERROR(TODAY()-DATEVALUE(LEFT(J100,10)), "")) | L100: =IF(AND(ISNUMBER(K100), K100>=30), "⚠ Possibly Dropped", "") | M100: Discontinued mid-course | N100: High workload
...

Sheet Log
A1: Sheet | B1: Column | C1: Row | D1: Phúc's | E1: Hào's | F1: Solved | H1: Hao Note
A2: Student | C2: Row 145, tên "Vũ Tú Anh" | D2: Suppose: đang học bth, và học lớp Business EL As in file: at risk of dropping & học Communication 2 => check thử xem trong data đổ qua có vde hay là công thức có vde he | E2: Đã update nha c. Nhập liệu sai ở Sheet Attendance_input về năm (2025 và 2026) | F2: x | H2: Active | I2: Lam sao de xac dinh 3 criteria nay | J2: Status gồm 3 loại: Active, Inactive, Waiting for class 1. Active = những bạn vẫn đang theo học 2. Inactive = những bạn Resigned (col O) + đã Dropped (col M) 3. Waiting for class = đang chờ xếp lớp (gồm: chưa join lần nào + đã join vài lớp & chưa có lớp phù hợp) => Ý completed có thể nằm ở cả 2 cột: Active (đã complete khóa trước & đang join khóa sau) & Inactive (complete khóa và ko học tiếp)
A3: Student | B3: needs to add some more columns for tracking (inactive status, level & course) | D3: Nhóm columns về Inactive status: Col L: record who dropped col M: record drop reason col N: record member who resigned Nhóm columns về ghi nhận level & các khóa đã join: | H3: Completed
A4: Student | C4: missing information of trainees (row 205 - 326 of Eng Training_Editing \ Master data) | D4: từ row 205 - 326, những data nào trùng với ds của H, c đã add các dữ liệu l/quan inactive rồi. Những cái nào ko trùng để T3 c làm tiếp | H4: Dropped
A5: Student | B5: Resign | D5: Không thể Vlookup giữa 2 sheet "Students" & "Left"; vì có thể bạn dừng học trước khi bạn resign (data left chỉ gồm emp. code & full name, ko biết chính xác tgian bạn nghỉ) => prefer nhập tay
A6: Student | C6: 212007 BÙI MINH NHẬT | D6: 212007 BÙI MINH NHẬT đã ngừng join từ 2025 nhưng trong data 2026 vẫn còn => Suggest: Cột A & B của "Student" là cố định ko đổi. Cách sắp xếp trong sheet nên cấu trúc như sau để dễ track bugs: - Chia là 2 phần: Active & Inactive (VD: Active từ row 2 -> xx, Inactive từ row xx+1 -> yy) - Trong phần Active, xếp các bạn đang active có cùng Class code lại sát nhau để tiện theo dõi => Chị chỉnh tay các dòng của Nhật, e add công thức vào sau nhé => Structure như c suggest c tạm xếp; e recheck | H6: Update ve entrance level va current level
A7: Student | B7: Status, PIC, Last Active date | D7: 183427 PHAN CÔNG TOẠI bạn này trc thuộc lớp của Cường Nguyễn. Sau khi lớp thi final ngày 3 Mar & ngưng ko học tiếp thì chỉ có mình bạn join cùng lớp anh Lãnh Lê (last join của bạn là 1 Apr nhưng công thức dừng ở 3 Mar => Chị chỉnh tay các dòng của Toại, e add công thức vào sau nhé | H7: EL046 | I7: thai nguyen 1
A8: Student | B8: Status, PIC, Last Active date | C8: Row 90 | D8: 213881 ĐẶNG GIA LỘC last update của bạn là ở PIC Liên Nguyễn nhưng vẫn record là Quân Nguyên => Chị chỉnh tay các dòng của bạn, e add công thức vào sau nhé | F8: x
A9: Student | B9: Status, PIC, Last Active date | C9: Row 141 | D9: 227058 LE VAN DONG TAM (giống Đặng Gia Lộc) | F9: x
A10: Student | B10: Status, PIC, Last Active date | D10: Lanh Le Lớp này vẫn đang học; ngày học gần nhất là 1/4 (ở file attendance check) nhưng mà file đang ghi nhận là Inactive và last active day là 23/1 => Chị đã chỉnh tay lại, em add công thức vào sau nhé | F10: x | H10: EL046 | I10: thai nguyen 1
A11: Student | C11: All row
D12: Vlookup_value bị nhảy 1 dòng => Data ko chính xác => Chị đã chỉnh để tiện add thông tin về Inactived | H12: capnhat lop
A13: Student | B13: Status, PIC, Last Active date | D13: Có 2 lớp phải check tay, nếu xài công thức như hiện tại sẽ khó theo dõi: 1. Anh To: Vừa thi xong hôm t6 tuần rồi => phải note lại để nhớ mà check kết quả level các bạn để còn xếp lớp & hỏi xem các bạn có muốn tiếp tục ko. Đồng thời recheck những người đang chờ ráp lớp xem có ai phù hợp ghép chung lớp Anh To ko 2. Hùng Nguyễn: Thi xong từ cuối háng 3 nhưng muốn nghỉ 1 tháng 4 & đầu tháng 5 mới bắt đầu học tiếp | H13: EL047 | I13: thai nguyen 2
A14: Student | B14: At risk | D14: Chưa thấy đc sự tương quan giữa 2 sheet "At Risk" & "Drop Flag" | H14: EL047 | I14: thai nguyen 2
A15: "Dashboard" & "Data_Quality_Check" | D15: Có vẻ cấu trúc của 2 sheet này giống nhau nhưng số liệu lệch nhiều | H15: EL048 | I15: Trang ngo 6th
A16: PIC, Course_Plan, Level_Helper | D16: Đ/v các sheet có ít dữ liệu như 3 sheet này thì có thể ráp vào 1 sheet không? Để đỡ chuyển qua/lại giữa các sheet
A17: Attendance Log | D17: C hiểu cách lấy data của Attendance_Log; nhưng c chưa rõ mục tiêu của sheet này có thể giúp gì cho mình nhiều lắm | E17: EL048 | F17: =IFERROR(__xludf.DUMMYFUNCTION("INDEX(H17:V17, MAX(FILTER(COLUMN(H18:V18)-COLUMN(H18)+1, H18:V18<>"""")))"),"6th") -> 6th | G17: Communication 2 | H17: 1st | I17: 2nd | J17: 3rd | K17: 4th | L17: 5th | M17: 6th
A18: All | D18: C cần 1 sheet tổng hợp mô tả linkage giữa các sheet với nhau trong file; để lỡ có vde gì thì còn cross-check nhanh đc Gợi ý 1 số cột: Op1: Sheet name | Purpose | Main content | Input from | Output to | Key logic / link field | Owner Op2: Sheet name | Purpose | Input | Output | Key link | E18: Communication 1 | G18: Trần Thị Kiều Anh | J18: A | K18: A | L18: A | M18: A
E19: Communication 1 | G19: Lê Trọng Ân | J19: 46113.583 | K19: 46120.417 | L19: A | M19: 46134.417
E20: Communication 1 | G20: Trần Ánh Tuyết (Taylor) | J20: 46113.583 | K20: 46120.417 | L20: 46127.417 | M20: 46134.417
E21: Communication 1 | G21: Ngô Thị Huyền Trang (Joyce) | J21: 46113.583 | K21: 46120.417 | L21: 46127.417 | M21: 46134.417
E22: Communication 1 | G22: Nguyễn Kim Khánh (Annie) | J22: A | K22: 46120.417 | L22: 46127.417 | M22: 46134.417
E23: Communication 1 | G23: Lê Tuyết Ngân | J23: 46113.583 | K23: 46120.417 | L23: 46127.417 | M23: 46134.417
E24: Communication 1 | G24: Nguyễn Ngọc Hào | J24: 46113.583 | K24: 46120.417 | L24: 46127.417 | M24: 46134.417
E25: Communication 1 | G25: Nguyễn Thị Thùy Linh | J25: 46113.583 | K25: 46120.417 | L25: A | M25: 46134.417
E26: EL047 | F26: =IFERROR(__xludf.DUMMYFUNCTION("INDEX(H26:V26, MAX(FILTER(COLUMN(H27:V27)-COLUMN(H27)+1, H27:V27<>"""")))"),"8th") -> 8th | G26: Communication 1 | H26: 1st | I26: 2nd | J26: 3rd | K26: 4th | L26: 5th | M26: 6th | N26: 7th | O26: 8th
E27: Communication 1 | G27: Trương Quốc Quy | H27: 46085.625 | I27: 46093.417 | J27: 46099.583 | K27: 46107.417 | L27: 46115.625 | M27: 46128.625 | N27: 46129.417 | O27: 46135.625
E28: Communication 1 | G28: Nguyễn Ngọc Thạch | H28: 46085.625 | I28: 46093.417 | J28: 46099.583 | K28: 46107.417 | L28: A | M28: 46128.625 | N28: 46129.417 | O28: 46135.625
E29: Communication 1 | G29: Bùi Quang Khôi | H29: 46085.625 | I29: 46093.417 | J29: A | K29: 46107.417 | L29: 46115.625 | M29: 46128.625 | N29: 46129.417 | O29: 46135.625
E30: Communication 1 | G30: Nguyễn Hoàng Hải | H30: 46085.625 | I30: 46093.417 | J30: A | K30: 46107.417 | L30: 46115.625 | M30: 46128.625 | N30: 46129.417 | O30: 46135.625
E31: Communication 1 | G31: Đặng Thanh Túc | H31: 46085.625 | I31: 46093.417 | J31: 46099.583 | K31: 46107.417 | L31: 46115.625 | M31: 46128.625 | N31: 46129.417 | O31: 46135.625
E32: Communication 2 | G32: Nguyen Tran Minh Nghia | K32: 46107.417 | L32: A | M32: 46128.625 | N32: 46129.417 | O32: 46135.625
E33: EL046 | F33: =IFERROR(__xludf.DUMMYFUNCTION("INDEX(H33:V33, MAX(FILTER(COLUMN(H34:V34)-COLUMN(H34)+1, H34:V34<>"""")))"),"8th") -> 8th | G33: Communication 1 | H33: 1st | I33: 2nd | J33: 3rd | K33: 4th | L33: 5th | M33: 6th | N33: 7th | O33: 8th
E34: Communication 1 | G34: Nguyễn Đình Mạnh | H34: 46085.583 | I34: 46093.583 | J34: 46099.583 | K34: 46108.417 | L34: 46114.625 | M34: 46121.625 | N34: 46129.417 | O34: 46135.542
E35: Communication 1 | G35: Đinh Bộ Lĩnh | H35: 46085.583 | I35: 46093.583 | J35: 46099.583 | K35: 46108.417 | L35: 46114.625 | M35: 46121.625 | N35: 46129.417 | O35: A
E36: Communication 1 | G36: Cao Ngọc Nguyên | H36: 46085.583 | I36: 46093.583 | J36: 46099.583 | K36: 46108.417 | L36: 46114.625 | M36: 46121.625 | N36: 46129.417 | O36: 46135.542
E37: Communication 1 | G37: Trần Hoàng Tuấn | H37: 46085.583 | I37: 46093.583 | J37: 46099.583 | K37: 46108.417 | L37: 46114.625 | M37: 46121.625 | N37: 46129.417 | O37: 46135.542
E38: Communication 1 | G38: Hồ Phạm Sĩ Hùng | H38: 46085.583 | I38: 46093.583 | J38: A | K38: 46108.417 | L38: 46114.625 | M38: 46121.625 | N38: A | O38: 46135.542
E39: Communication 1 | G39: Nguyễn Quốc Thái | H39: 46085.583 | I39: 46093.583 | J39: A | K39: 46108.417 | L39: 46114.625 | M39: 46121.625 | N39: 46129.417 | O39: 46135.542

Sheet ATTENDANCE_INPUT
A1: Emp Code | B1: Full Name | C1: Class Code | D1: PIC | E1: Course Name | F1: 1st | G1: 2nd | H1: 3rd | I1: 4th | J1: 5th | K1: 6th | L1: 7th | M1: 8th | N1: 9th | O1: 10th | P1: 11th | Q1: 12th | R1: 13th | S1: 14th | T1: 15th | U1: 16th_Final
A2: 173230 | B2: =IFERROR(VLOOKUP(A2&"", STUDENTS!A:B, 2, 0), "") -> LÊ THỊ THU HIỀN | C2: EL001 | D2: =IFERROR(VLOOKUP(C2, PIC!A:B, 2, 0), "") -> Anh Vu | E2: Communication 1 | F2: A | G2: 45712.458 | H2: 45763.583 | I2: 45770.542 | J2: 45784.458 | K2: 45819.583 | L2: 45824.542 | M2: 45831.542 | N2: 45840.542 | O2: 45867.417 | V2: =MAX(F2:U2) -> 45867.417
A3: 173230 | B3: =IFERROR(VLOOKUP(A3&"", STUDENTS!A:B, 2, 0), "") -> LÊ THỊ THU HIỀN | C3: EL001 | D3: =IFERROR(VLOOKUP(C3, PIC!A:B, 2, 0), "") -> Anh Vu | E3: Communication 2 | F3: 45889.458 | G3: 45896.458 | I3: 45922.542 | J3: 45930.458 | K3: 45937.458 | L3: 45944.458 | M3: 45950.458 | N3: 45957.458 | O3: 45965.458 | P3: 45972.458 | Q3: 45979.458 | R3: A | S3: 45993.417 | T3: 46000.458 | U3: 46042.417 | V3: =MAX(F3:U3) -> 46042.417
A4: 143079 | B4: =IFERROR(VLOOKUP(A4&"", STUDENTS!A:B, 2, 0), "") -> LÝ THỊ DIỄM MY | C4: EL001 | D4: =IFERROR(VLOOKUP(C4, PIC!A:B, 2, 0), "") -> Anh Vu | E4: Communication 1 | F4: A | G4: A | H4: 45763.583 | I4: 45770.542 | J4: 45784.458 | K4: 45819.583 | L4: 45824.542 | M4: 45831.542 | N4: 45840.542 | O4: 45867.417 | V4: =MAX(F4:U4) -> 45867.417
A5: 143079 | B5: =IFERROR(VLOOKUP(A5&"", STUDENTS!A:B, 2, 0), "") -> LÝ THỊ DIỄM MY | C5: EL001 | D5: =IFERROR(VLOOKUP(C5, PIC!A:B, 2, 0), "") -> Anh Vu | E5: Communication 2 | F5: 45889.458 | G5: 45896.458 | I5: 45922.542 | J5: 45930.458 | K5: 45937.458 | L5: 45944.458 | M5: 45950.458 | N5: 45957.458 | O5: 45965.458 | P5: 45972.458 | Q5: 45979.458 | R5: 45986.458 | S5: 45993.417 | T5: 46000.458 | U5: 46042.417 | V5: =MAX(F5:U5) -> 46042.417
A6: 227122 | B6: =IFERROR(VLOOKUP(A6&"", STUDENTS!A:B, 2, 0), "") -> NGUYỄN THỊ NGỌC DUNG | C6: EL001 | D6: =IFERROR(VLOOKUP(C6, PIC!A:B, 2, 0), "") -> Anh Vu | E6: Communication 1 | F6: 45700.417 | G6: 45712.458 | H6: 45763.583 | I6: 45770.542 | J6: 45784.458 | K6: 45819.583 | L6: 45824.542 | M6: 45831.542 | N6: 45840.542 | O6: 45867.417 | V6: =MAX(F6:U6) -> 45867.417
A7: 227122 | B7: =IFERROR(VLOOKUP(A7&"", STUDENTS!A:B, 2, 0), "") -> NGUYỄN THỊ NGỌC DUNG | C7: EL001 | D7: =IFERROR(VLOOKUP(C7, PIC!A:B, 2, 0), "") -> Anh Vu | E7: Communication 2 | F7: 45889.458 | G7: 45896.458 | I7: 45922.542 | J7: 45930.458 | K7: 45937.458 | L7: 45944.458 | M7: 45950.458 | N7: 45957.458 | O7: 45965.458 | P7: 45972.458 | Q7: 45979.458 | R7: 45986.458 | S7: 45993.417 | T7: 46000.458 | U7: 46042.417 | V7: =MAX(F7:U7) -> 46042.417
A8: 237050 | B8: =IFERROR(VLOOKUP(A8&"", STUDENTS!A:B, 2, 0), "") -> TRẦN THỊ THANH NGA | C8: EL001 | D8: =IFERROR(VLOOKUP(C8, PIC!A:B, 2, 0), "") -> Anh Vu | E8: Business English | F8: 46084.542 | G8: 46091.583 | H8: 46098.583 | I8: 46105.583 | J8: 46120.583 | K8: 46127.583 | V8: =MAX(F8:U8) -> 46127.583
A9: 237050 | B9: =IFERROR(VLOOKUP(A9&"", STUDENTS!A:B, 2, 0), "") -> TRẦN THỊ THANH NGA | C9: EL001 | D9: =IFERROR(VLOOKUP(C9, PIC!A:B, 2, 0), "") -> Anh Vu | E9: Communication 1 | F9: 45700.417 | G9: 45712.458 | H9: 45763.583 | I9: 45770.542 | J9: 45784.458 | K9: 45819.583 | L9: 45824.542 | M9: 45831.542 | N9: 45840.542 | O9: 45867.417 | V9: =MAX(F9:U9) -> 45867.417
A10: 237050 | B10: =IFERROR(VLOOKUP(A10&"", STUDENTS!A:B, 2, 0), "") -> TRẦN THỊ THANH NGA | C10: EL001 | D10: =IFERROR(VLOOKUP(C10, PIC!A:B, 2, 0), "") -> Anh Vu | E10: Communication 2 | F10: 45889.458 | G10: 45896.458 | I10: 45922.542 | J10: 45930.458 | K10: 45937.458 | L10: 45944.458 | M10: 45950.458 | N10: 45957.458 | O10: 45965.458 | P10: 45972.458 | Q10: 45979.458 | R10: 45986.458 | S10: 45993.417 | T10: 46000.458 | U10: 46042.417 | V10: =MAX(F10:U10) -> 46042.417
A11: 227148 | B11: =IFERROR(VLOOKUP(A11&"", STUDENTS!A:B, 2, 0), "") -> TRẦN THỊ THÙY DUNG | C11: EL001 | D11: =IFERROR(VLOOKUP(C11, PIC!A:B, 2, 0), "") -> Anh Vu | E11: Business English | F11: 46084.542 | G11: 46091.583 | H11: 46098.583 | I11: 46105.583 | J11: 46120.583 | K11: 46127.583 | V11: =MAX(F11:U11) -> 46127.583
A12: 227148 | B12: =IFERROR(VLOOKUP(A12&"", STUDENTS!A:B, 2, 0), "") -> TRẦN THỊ THÙY DUNG | C12: EL001 | D12: =IFERROR(VLOOKUP(C12, PIC!A:B, 2, 0), "") -> Anh Vu | E12: Communication 1 | F12: 45700.417 | G12: 45712.458 | H12: 45763.583 | I12: 45770.542 | J12: 45784.458 | K12: 45819.583 | L12: 45824.542 | M12: 45831.542 | N12: 45840.542 | O12: 45867.417 | V12: =MAX(F12:U12) -> 45867.417
A13: 227148 | B13: =IFERROR(VLOOKUP(A13&"", STUDENTS!A:B, 2, 0), "") -> TRẦN THỊ THÙY DUNG | C13: EL001 | D13: =IFERROR(VLOOKUP(C13, PIC!A:B, 2, 0), "") -> Anh Vu | E13: Communication 2 | F13: 45889.458 | G13: 45896.458 | I13: 45922.542 | J13: 45930.458 | K13: 45937.458 | L13: 45944.458 | M13: 45950.458 | N13: 45957.458 | O13: 45965.458 | P13: 45972.458 | Q13: 45979.458 | R13: 45986.458 | S13: 45993.417 | T13: 46000.458 | U13: 46042.417 | V13: =MAX(F13:U13) -> 46042.417
A14: 227155 | B14: =IFERROR(VLOOKUP(A14&"", STUDENTS!A:B, 2, 0), "") -> VŨ TÚ ANH | C14: EL001 | D14: =IFERROR(VLOOKUP(C14, PIC!A:B, 2, 0), "") -> Anh Vu | E14: Business English | F14: 46084.542 | G14: 46091.583 | H14: 46098.583 | I14: 46105.583 | J14: 46120.583 | K14: 46127.583 | V14: =MAX(F14:U14) -> 46127.583
A15: 227155 | B15: =IFERROR(VLOOKUP(A15&"", STUDENTS!A:B, 2, 0), "") -> VŨ TÚ ANH | C15: EL001 | D15: =IFERROR(VLOOKUP(C15, PIC!A:B, 2, 0), "") -> Anh Vu | E15: Communication 1 | F15: 45700.417 | G15: 45712.458 | H15: 45763.583 | I15: 45770.542 | J15: 45784.458 | K15: 45819.583 | L15: 45824.542 | M15: 45831.542 | N15: 45840.542 | O15: 45867.417 | V15: =MAX(F15:U15) -> 45867.417
A16: 227155 | B16: =IFERROR(VLOOKUP(A16&"", STUDENTS!A:B, 2, 0), "") -> VŨ TÚ ANH | C16: EL001 | D16: =IFERROR(VLOOKUP(C16, PIC!A:B, 2, 0), "") -> Anh Vu | E16: Communication 2 | F16: 45889.458 | G16: 45896.458 | I16: 45922.542 | J16: 45930.458 | K16: 45937.458 | L16: 45944.458 | M16: 45950.458 | N16: 45957.458 | O16: 45965.458 | P16: 45972.458 | Q16: 45979.458 | R16: 45986.458 | S16: 45993.417 | T16: 46000.458 | U16: 46042.417 | V16: =MAX(F16:U16) -> 46042.417
A17: 247300 | B17: =IFERROR(VLOOKUP(A17&"", STUDENTS!A:B, 2, 0), "") -> ĐỖ CHÂU BỬU | C17: EL002 | D17: =IFERROR(VLOOKUP(C17, PIC!A:B, 2, 0), "") -> Buu Do 1 | E17: Communication 1 | F17: 45715.417 | G17: 45765.542 | H17: A | I17: A | J17: 45793.542 | K17: 45800.542 | L17: A | M17: A | N17: A | O17: A | V17: =MAX(F17:U17) -> 45800.542
A18: 247196 | B18: =IFERROR(VLOOKUP(A18&"", STUDENTS!A:B, 2, 0), "") -> ĐOÀN TRẦN BÁ ĐẠT | C18: EL002 | D18: =IFERROR(VLOOKUP(C18, PIC!A:B, 2, 0), "") -> Buu Do 1 | E18: Communication 1 | F18: 45715.417 | G18: 45765.542 | H18: 45771.583 | I18: 45785.542 | J18: 45793.542 | K18: 45800.542 | L18: 45827.583 | M18: 45869.625 | N18: 45912.417 | O18: 45954.375 | V18: =MAX(F18:U18) -> 45954.375
A19: 247200 | B19: =IFERROR(VLOOKUP(A19&"", STUDENTS!A:B, 2, 0), "") -> NGÔ TRỌNG NGHĨA | C19: EL002 | D19: =IFERROR(VLOOKUP(C19, PIC!A:B, 2, 0), "") -> Buu Do 1 | E19: Communication 1 | F19: 45715.458 | G19: 45765.542 | H19: 45771.583 | I19: A | J19: 45793.542 | K19: 45800.542 | L19: 45827.583 | M19: 45869.625 | N19: 45912.417 | O19: 45954.375 | V19: =MAX(F19:U19) -> 45954.375
A20: 247156 | B20: =IFERROR(VLOOKUP(A20&"", STUDENTS!A:B, 2, 0), "") -> NGUYỄN VĂN HOÀNG | C20: EL002 | D20: =IFERROR(VLOOKUP(C20, PIC!A:B, 2, 0), "") -> Buu Do 1 | E20: Communication 1 | F20: 45715.417 | G20: 45765.542 | H20: 45771.583 | I20: 45785.542 | J20: A | K20: 45800.542 | L20: 45827.583 | M20: A | N20: A | O20: A | V20: =MAX(F20:U20) -> 45827.583
A21: 247192 | B21: =IFERROR(VLOOKUP(A21&"", STUDENTS!A:B, 2, 0), "") -> TRẦN ĐỨC LỢI | C21: EL002 | D21: =IFERROR(VLOOKUP(C21, PIC!A:B, 2, 0), "") -> Buu Do 1 | E21: Communication 1 | F21: 45715.417 | G21: 45765.542 | H21: A | I21: A | J21: A | K21: 45800.542 | L21: 45827.583 | M21: A | N21: A | O21: A | V21: =MAX(F21:U21) -> 45827.583
A22: 247195 | B22: =IFERROR(VLOOKUP(A22&"", STUDENTS!A:B, 2, 0), "") -> TRƯƠNG ĐĂNG QUANG | C22: EL002 | D22: =IFERROR(VLOOKUP(C22, PIC!A:B, 2, 0), "") -> Buu Do 1 | E22: Communication 1 | F22: 45715.417 | G22: 45765.542 | H22: 45771.583 | I22: 45785.542 | J22: 45793.542 | K22: 45800.542 | L22: A | M22: 45869.625 | N22: 45912.417 | O22: 45954.375 | V22: =MAX(F22:U22) -> 45954.375
A23: 193547 | B23: =IFERROR(VLOOKUP(A23&"", STUDENTS!A:B, 2, 0), "") -> VĂN TÂN LỢI | C23: EL002 | D23: =IFERROR(VLOOKUP(C23, PIC!A:B, 2, 0), "") -> Buu Do 1 | E23: Communication 1 | F23: 45715.417 | G23: 45765.542 | H23: 45771.583 | I23: 45785.542 | J23: 45793.542 | K23: 45800.542 | L23: A | M23: 45869.625 | N23: 45912.417 | O23: 45954.375 | V23: =MAX(F23:U23) -> 45954.375
A24: 247199 | B24: =IFERROR(VLOOKUP(A24&"", STUDENTS!A:B, 2, 0), "") -> VÕ PHÚ PHÁT | C24: EL002 | D24: =IFERROR(VLOOKUP(C24, PIC!A:B, 2, 0), "") -> Buu Do 1 | E24: Communication 1 | F24: 45715.417 | G24: 45765.542 | H24: 45771.583 | I24: 45785.542 | J24: 45793.542 | K24: 45800.542 | L24: 45827.583 | M24: 45869.625 | N24: 45912.417 | O24: 45954.375 | V24: =MAX(F24:U24) -> 45954.375
A25: 247265 | B25: =IFERROR(VLOOKUP(A25&"", STUDENTS!A:B, 2, 0), "") -> NGÔ THỤY THANH NHƯ | C25: EL003 | D25: =IFERROR(VLOOKUP(C25, PIC!A:B, 2, 0), "") -> Buu Do 2 | E25: Communication 1 | F25: 45715.458 | G25: A | H25: 45772.542 | I25: 45793.583 | J25: 45800.583 | K25: 45813.583 | L25: 45820.625 | M25: 45827.625 | N25: 45834.583 | O25: 45882.542 | V25: =MAX(F25:U25) -> 45882.542
A26: 247264 | B26: =IFERROR(VLOOKUP(A26&"", STUDENTS!A:B, 2, 0), "") -> NGUYỄN NGỌC NGUYỆT NGÂN | C26: EL003 | D26: =IFERROR(VLOOKUP(C26, PIC!A:B, 2, 0), "") -> Buu Do 2 | E26: Communication 1 | F26: 45715.458 | G26: 45763.458 | H26: 45772.542 | I26: 45793.583 | J26: 45800.583 | K26: 45813.583 | L26: 45820.625 | M26: A | N26: 45834.583 | O26: 45882.542 | V26: =MAX(F26:U26) -> 45882.542
A27: 247415 | B27: =IFERROR(VLOOKUP(A27&"", STUDENTS!A:B, 2, 0), "") -> NGUYỄN THỊ HIỀN NI | C27: EL003 | D27: =IFERROR(VLOOKUP(C27, PIC!A:B, 2, 0), "") -> Buu Do 2 | E27: Communication 1 | F27: A | G27: 45763.458 | H27: 45772.542 | I27: A | J27: 45800.583 | K27: 45813.583 | L27: 45820.625 | M27: 45827.625 | N27: 45834.583 | O27: 45882.542 | V27: =MAX(F27:U27) -> 45882.542
A28: 247405 | B28: =IFERROR(VLOOKUP(A28&"", STUDENTS!A:B, 2, 0), "") -> PHẠM LÊ HOÀI PHƯƠNG | C28: EL003 | D28: =IFERROR(VLOOKUP(C28, PIC!A:B, 2, 0), "") -> Buu Do 2 | E28: Communication 1 | F28: 45715.458 | G28: 45763.458 | H28: 45772.542 | I28: 45793.583 | J28: 45800.583 | K28: 45813.625 | L28: 45820.625 | M28: 45827.625 | N28: 45834.583 | O28: 45882.542 | V28: =MAX(F28:U28) -> 45882.542
A29: 247360 | B29: =IFERROR(VLOOKUP(A29&"", STUDENTS!A:B, 2, 0), "") -> PHAN HỮU CƯỜNG | C29: EL003 | D29: =IFERROR(VLOOKUP(C29, PIC!A:B, 2, 0), "") -> Buu Do 2 | E29: Communication 1 | F29: 45715.458 | G29: 45763.458 | H29: 45772.542 | I29: A | J29: 45800.583 | K29: 45813.583 | L29: 45820.625 | M29: 45827.625 | N29: 45834.583 | O29: 45882.542 | V29: =MAX(F29:U29) -> 45882.542
A30: 193479 | B30: =IFERROR(VLOOKUP(A30&"", STUDENTS!A:B, 2, 0), "") -> BÙI NGỌC QUỐC | C30: EL004 | D30: =IFERROR(VLOOKUP(C30, PIC!A:B, 2, 0), "") -> Cuong Nguyen | E30: Communication 1 | F30: A | G30: 45665.375 | H30: 45679.417 | I30: A | J30: 45702.583 | K30: A | L30: 45716.375 | M30: 45764.375 | N30: A | O30: 45820.375 | V30: =MAX(F30:U30) -> 45820.375
A31: 193479 | B31: =IFERROR(VLOOKUP(A31&"", STUDENTS!A:B, 2, 0), "") -> BÙI NGỌC QUỐC | C31: EL004 | D31: =IFERROR(VLOOKUP(C31, PIC!A:B, 2, 0), "") -> Cuong Nguyen | E31: Communication 2 | F31: 45869.583 | G31: 45881.375 | H31: 45890.375 | I31: 45897.625 | J31: A | K31: 45909.375 | L31: 45917.375 | M31: A | N31: A | O31: 45939.375 | P31: A | Q31: 45966.417 | R31: A | S31: A | T31: 46035.417 | U31: 46084.417 | V31: =MAX(F31:U31) -> 46084.417
A32: 213811 | B32: =IFERROR(VLOOKUP(A32&"", STUDENTS!A:B, 2, 0), "") -> ĐẶNG QUỐC MẠNH | C32: EL004 | D32: =IFERROR(VLOOKUP(C32, PIC!A:B, 2, 0), "") -> Cuong Nguyen | E32: Communication 1 | F32: 45639.583 | G32: 45672.417 | H32: A | I32: A | J32: 45716.375 | K32: 45764.375 | L32: 45769.375 | M32: 45785.417 | N32: A | O32: 45820.375 | V32: =MAX(F32:U32) -> 45820.375
A33: 213811 | B33: =IFERROR(VLOOKUP(A33&"", STUDENTS!A:B, 2, 0), "") -> ĐẶNG QUỐC MẠNH | C33: EL004 | D33: =IFERROR(VLOOKUP(C33, PIC!A:B, 2, 0), "") -> Cuong Nguyen | E33: Communication 2 | F33: 45869.583 | G33: 45881.375 | H33: A | I33: 45897.625 | J33: A | K33: 45909.375 | L33: 45917.375 | M33: 45923.375 | N33: A | O33: 45939.375 | P33: 45944.417 | Q33: A | R33: 46007.417 | S33: A | T33: 46035.417 | U33: 46084.417 | V33: =MAX(F33:U33) -> 46084.417
A34: 183431 | B34: =IFERROR(VLOOKUP(A34&"", STUDENTS!A:B, 2, 0), "") -> HOÀNG XUÂN MẪN | C34: EL004 | D34: =IFERROR(VLOOKUP(C34, PIC!A:B, 2, 0), "") -> Cuong Nguyen | E34: Communication 1 | F34: 45639.583 | G34: 45665.375 | H34: 45679.417 | I34: 45709.375 | J34: A | K34: A | L34: 45769.375 | M34: A | N34: 45792.417 | O34: 45820.375 | V34: =MAX(F34:U34) -> 45820.375
A35: 183431 | B35: =IFERROR(VLOOKUP(A35&"", STUDENTS!A:B, 2, 0), "") -> HOÀNG XUÂN MẪN | C35: EL004 | D35: =IFERROR(VLOOKUP(C35, PIC!A:B, 2, 0), "") -> Cuong Nguyen | E35: Communication 2 | F35: 45869.583 | G35: 45881.375 | H35: A | I35: A | J35: 45904.375 | K35: 45909.375 | L35: 45917.375 | M35: 45923.375 | N35: 45932.375 | O35: 45939.375 | P35: 45944.417 | Q35: A | R35: A | S35: 46021.417 | T35: 46035.417 | U35: 46084.417 | V35: =MAX(F35:U35) -> 46084.417
A36: 193499 | B36: =IFERROR(VLOOKUP(A36&"", STUDENTS!A:B, 2, 0), "") -> HUỲNH TUẤN KHANH | C36: EL004 | D36: =IFERROR(VLOOKUP(C36, PIC!A:B, 2, 0), "") -> Cuong Nguyen | E36: Communication 1 | F36: 45639.583 | G36: 45672.417 | H36: 45702.583 | I36: 45709.375 | J36: 45716.375 | K36: 45764.375 | L36: 45769.375 | M36: 45785.417 | N36: 45792.417 | O36: 45820.375 | V36: =MAX(F36:U36) -> 45820.375
A37: 193499 | B37: =IFERROR(VLOOKUP(A37&"", STUDENTS!A:B, 2, 0), "") -> HUỲNH TUẤN KHANH | C37: EL004 | D37: =IFERROR(VLOOKUP(C37, PIC!A:B, 2, 0), "") -> Cuong Nguyen | E37: Communication 2 | F37: 45869.583 | G37: 45881.375 | H37: 45890.375 | I37: 45897.625 | J37: A | K37: 45909.375 | L37: 45917.375 | M37: 45923.375 | N37: 45932.375 | O37: 45939.375 | P37: 45944.417 | Q37: 45966.417 | R37: 46007.417 | S37: 46021.417 | T37: 46035.417 | U37: 46084.417 | V37: =MAX(F37:U37) -> 46084.417
A38: 227141 | B38: =IFERROR(VLOOKUP(A38&"", STUDENTS!A:B, 2, 0), "") -> NGUYỄN ĐÔNG HỒ | C38: EL004 | D38: =IFERROR(VLOOKUP(C38, PIC!A:B, 2, 0), "") -> Cuong Nguyen | E38: Communication 1 | F38: 45639.583 | G38: 45672.417 | H38: 45702.583 | I38: 45709.375 | J38: 45716.375 | K38: 45764.375 | L38: 45769.375 | M38: 45785.417 | N38: A | O38: 45820.375 | V38: =MAX(F38:U38) -> 45820.375
A39: 227141 | B39: =IFERROR(VLOOKUP(A39&"", STUDENTS!A:B, 2, 0), "") -> NGUYỄN ĐÔNG HỒ | C39: EL004 | D39: =IFERROR(VLOOKUP(C39, PIC!A:B, 2, 0), "") -> Cuong Nguyen | E39: Communication 2 | F39: 45869.583 | G39: 45881.375 | H39: 45890.375 | I39: A | J39: 45904.375 | K39: A | L39: 45917.375 | M39: 45923.375 | N39: 45932.375 | O39: 45939.375 | P39: A | Q39: 45966.417 | R39: 46007.417 | S39: A | T39: 46035.417 | U39: 46084.417 | V39: =MAX(F39:U39) -> 46084.417
A40: 193529 | B40: =IFERROR(VLOOKUP(A40&"", STUDENTS!A:B, 2, 0), "") -> NGUYỄN VĂN MẠNH CƯỜNG | C40: EL004 | D40: =IFERROR(VLOOKUP(C40, PIC!A:B, 2, 0), "") -> Cuong Nguyen | E40: Communication 1 | F40: 45639.583 | G40: 45672.417 | H40: 45679.417 | I40: 45709.375 | J40: 45716.375 | K40: 45764.375 | L40: 45769.375 | M40: 45785.417 | N40: 45792.417 | O40: 45820.375 | V40: =MAX(F40:U40) -> 45820.375
A41: 193529 | B41: =IFERROR(VLOOKUP(A41&"", STUDENTS!A:B, 2, 0), "") -> NGUYỄN VĂN MẠNH CƯỜNG | C41: EL004 | D41: =IFERROR(VLOOKUP(C41, PIC!A:B, 2, 0), "") -> Cuong Nguyen | E41: Communication 2 | F41: 45869.583 | G41: 45881.375 | H41: 45890.375 | I41: 45897.625 | J41: 45904.375 | K41: 45909.375 | L41: 45917.375 | M41: 45923.375 | N41: 45932.375 | O41: 45939.375 | P41: 45944.417 | Q41: 45966.417 | R41: 46007.417 | S41: A | T41: 46035.417 | U41: 46084.417 | V41: =MAX(F41:U41) -> 46084.417
A42: 183427 | B42: =IFERROR(VLOOKUP(A42&"", STUDENTS!A:B, 2, 0), "") -> PHAN CÔNG TOẠI | C42: EL004 | D42: =IFERROR(VLOOKUP(C42, PIC!A:B, 2, 0), "") -> Cuong Nguyen | E42: Communication 1 | F42: 45639.583 | G42: 45672.417 | H42: A | I42: 45709.375 | J42: 45716.375 | K42: 45764.375 | L42: 45769.375 | M42: 45785.417 | N42: 45792.417 | O42: 45820.375 | V42: =MAX(F42:U42) -> 45820.375
A43: 183427 | B43: =IFERROR(VLOOKUP(A43&"", STUDENTS!A:B, 2, 0), "") -> PHAN CÔNG TOẠI | C43: EL004 | D43: =IFERROR(VLOOKUP(C43, PIC!A:B, 2, 0), "") -> Cuong Nguyen | E43: Communication 2 | F43: 45869.583 | G43: 45881.375 | H43: 45890.375 | I43: 45897.625 | J43: 45904.375 | K43: 45909.375 | L43: A | M43: 45923.375 | N43: A | O43: 45939.375 | P43: 45944.417 | Q43: 45966.417 | R43: 46007.417 | S43: 46021.417 | T43: 46035.417 | U43: 46084.417 | V43: =MAX(F43:U43) -> 46084.417
A44: 237130 | B44: =IFERROR(VLOOKUP(A44&"", STUDENTS!A:B, 2, 0), "") -> TRẦN KHANG | C44: EL004 | D44: =IFERROR(VLOOKUP(C44, PIC!A:B, 2, 0), "") -> Cuong Nguyen | E44: Communication 1 | F44: 45639.583 | G44: 45665.375 | H44: 45679.417 | I44: 45709.375 | J44: A | K44: 45764.375 | L44: 45769.375 | M44: A | N44: 45792.417 | O44: 45820.375 | V44: =MAX(F44:U44) -> 45820.375
A45: 237130 | B45: =IFERROR(VLOOKUP(A45&"", STUDENTS!A:B, 2, 0), "") -> TRẦN KHANG | C45: EL004 | D45: =IFERROR(VLOOKUP(C45, PIC!A:B, 2, 0), "") -> Cuong Nguyen | E45: Communication 2 | F45: A | G45: 45881.375 | H45: 45890.375 | I45: 45897.625 | J45: 45904.375 | K45: A | L45: 45917.375 | M45: A | N45: 45932.375 | O45: 45939.375 | P45: 45944.417 | Q45: 45966.417 | R45: 46007.417 | S45: 46021.417 | T45: 46035.417 | U45: 46084.417 | V45: =MAX(F45:U45) -> 46084.417
A46: 237097 | B46: =IFERROR(VLOOKUP(A46&"", STUDENTS!A:B, 2, 0), "") -> VÕ ĐỒNG ĐỨC DUY | C46: EL004 | D46: =IFERROR(VLOOKUP(C46, PIC!A:B, 2, 0), "") -> Cuong Nguyen | E46: Communication 1 | F46: 45639.583 | G46: 45672.417 | H46: 45702.583 | I46: 45709.375 | J46: 45716.375 | K46: 45764.375 | L46: A | M46: 45785.417 | N46: 45792.417 | O46: 45820.375 | V46: =MAX(F46:U46) -> 45820.375
A47: 237097 | B47: =IFERROR(VLOOKUP(A47&"", STUDENTS!A:B, 2, 0), "") -> VÕ ĐỒNG ĐỨC DUY | C47: EL004 | D47: =IFERROR(VLOOKUP(C47, PIC!A:B, 2, 0), "") -> Cuong Nguyen | E47: Communication 2 | F47: A | G47: A | H47: A | I47: A | J47: A | K47: A | L47: A | M47: A | N47: A | O47: A | P47: A | Q47: A | R47: A | S47: A | T47: A | U47: A | V47: =MAX(F47:U47) -> 0
A48: 227160 | B48: =IFERROR(VLOOKUP(A48&"", STUDENTS!A:B, 2, 0), "") -> LÊ THỊ LAN HƯƠNG | C48: EL005 | D48: =IFERROR(VLOOKUP(C48, PIC!A:B, 2, 0), "") -> Duc Nguyen | E48: Communication 1 | F48: 45639.625 | G48: 45649.458 | H48: 45670.583 | I48: 45693.542 | J48: 45707.542 | K48: 45715.542 | L48: A | M48: 45782.583 | N48: 45803.583 | O48: 45839.583 | V48: =MAX(F48:U48) -> 45839.583
A49: 193447 | B49: =IFERROR(VLOOKUP(A49&"", STUDENTS!A:B, 2, 0), "") -> NGUYỄN ANH ĐỨC | C49: EL005 | D49: =IFERROR(VLOOKUP(C49, PIC!A:B, 2, 0), "") -> Duc Nguyen | E49: Communication 1 | F49: 45637.417 | G49: 45656.458 | H49: 45670.583 | I49: 45693.542 | J49: 45707.542 | K49: 45715.542 | L49: 45764.542 | M49: 45782.542 | N49: A | O49: 45839.583 | V49: =MAX(F49:U49) -> 45839.583
A50: 247187 | B50: =IFERROR(VLOOKUP(A50&"", STUDENTS!A:B, 2, 0), "") -> NGUYỄN MINH THƯ | C50: EL005 | D50: =IFERROR(VLOOKUP(C50, PIC!A:B, 2, 0), "") -> Duc Nguyen | E50: Communication 1 | F50: 45637.417 | G50: 45656.458 | H50: 45670.583 | I50: 45693.542 | J50: 45707.542 | K50: 45715.542 | L50: 45764.542 | M50: A | N50: 45803.583 | O50: 45839.583 | V50: =MAX(F50:U50) -> 45839.583
A51: 237182 | B51: =IFERROR(VLOOKUP(A51&"", STUDENTS!A:B, 2, 0), "") -> NGUYỄN TRỌNG BÌNH NGUYÊN | C51: EL005 | D51: =IFERROR(VLOOKUP(C51, PIC!A:B, 2, 0), "") -> Duc Nguyen | E51: Communication 1 | F51: 45639.625 | G51: 45649.458 | H51: 45670.583 | I51: 45693.542 | J51: 45707.542 | K51: 45715.542 | L51: 45764.542 | M51: 45782.583 | N51: 45803.583 | O51: 45839.583 | V51: =MAX(F51:U51) -> 45839.583
A52: 227092 | B52: =IFERROR(VLOOKUP(A52&"", STUDENTS!A:B, 2, 0), "") -> PHẠM THỊ BÍCH THÚY | C52: EL005 | D52: =IFERROR(VLOOKUP(C52, PIC!A:B, 2, 0), "") -> Duc Nguyen | E52: Communication 1 | F52: 45639.625 | G52: 45649.458 | H52: 45670.583 | I52: 45693.542 | J52: 45707.542 | K52: 45715.542 | L52: 45764.542 | M52: A | N52: 45803.583 | O52: 45839.583 | V52: =MAX(F52:U52) -> 45839.583
A53: 247026 | B53: =IFERROR(VLOOKUP(A53&"", STUDENTS!A:B, 2, 0), "") -> ĐỖ HOÀNG MINH HUY | C53: EL006 | D53: =IFERROR(VLOOKUP(C53, PIC!A:B, 2, 0), "") -> Dat Nguyen | E53: Communication 1 | F53: A | G53: 45660.417 | H53: 45663.542 | I53: 45678.375 | J53: A | K53: 45709.542 | L53: 45714.542 | M53: 45762.542 | N53: 45769.417 | O53: 45807.583 | V53: =MAX(F53:U53) -> 45807.583
A54: 237043 | B54: =IFERROR(VLOOKUP(A54&"", STUDENTS!A:B, 2, 0), "") -> HUỲNH BỬU BỬU | C54: EL006 | D54: =IFERROR(VLOOKUP(C54, PIC!A:B, 2, 0), "") -> Dat Nguyen | E54: Communication 1 | F54: 45639.417 | G54: 45660.417 | H54: 45663.542 | I54: 45678.375 | J54: 45700.542 | K54: A | L54: 45714.542 | M54: 45762.542 | N54: 45769.417 | O54: 45807.583 | V54: =MAX(F54:U54) -> 45807.583
A55: 183421 | B55: =IFERROR(VLOOKUP(A55&"", STUDENTS!A:B, 2, 0), "") -> NGUYỄN TẤT ĐẠT | C55: EL006 | D55: =IFERROR(VLOOKUP(C55, PIC!A:B, 2, 0), "") -> Dat Nguyen | E55: Communication 1 | F55: 45639.417 | G55: 45660.417 | H55: 45663.542 | I55: 45678.375 | J55: 45700.542 | K55: 45709.542 | L55: 45714.542 | M55: 45762.542 | N55: 45769.417 | O55: 45807.583 | V55: =MAX(F55:U55) -> 45807.583
A56: 193548 | B56: =IFERROR(VLOOKUP(A56&"", STUDENTS!A:B, 2, 0), "") -> NGUYỄN THIÊN ÂN | C56: EL006 | D56: =IFERROR(VLOOKUP(C56, PIC!A:B, 2, 0), "") -> Dat Nguyen | E56: Communication 1 | F56: 45639.417 | G56: A | H56: 45663.542 | I56: 45678.375 | J56: 45700.542 | K56: 45709.542 | L56: 45714.542 | M56: 45762.542 | N56: 45769.417 | O56: 45807.583 | V56: =MAX(F56:U56) -> 45807.583
A57: 247389 | B57: =IFERROR(VLOOKUP(A57&"", STUDENTS!A:B, 2, 0), "") -> ĐINH TRƯƠNG THANH TUYỀN | C57: EL007 | D57: =IFERROR(VLOOKUP(C57, PIC!A:B, 2, 0), "") -> Nhat Nguyen | E57: Communication 2 | F57: 45841.583 | G57: 45853.417 | H57: A | I57: 45889.625 | J57: A | K57: 45924.625 | L57: 45931.625 | M57: 45953.417 | N57: 45960.417 | O57: 45982.458 | P57: 45989.458 | Q57: 45996.417 | R57: 46010.417 | S57: 46021.375 | T57: 46038.458 | U57: 46083.458 | V57: =MAX(F57:U57) -> 46083.458
A58: 227183 | B58: =IFERROR(VLOOKUP(A58&"", STUDENTS!A:B, 2, 0), "") -> ĐỖ VŨ GIA LONG | C58: EL007 | D58: =IFERROR(VLOOKUP(C58, PIC!A:B, 2, 0), "") -> Nhat Nguyen | E58: Communication 2 | F58: 45841.583 | G58: 45853.417 | H58: 45882.625 | I58: 45889.625 | J58: 45917.625 | K58: 45924.625 | L58: 45931.625 | M58: 45953.417 | N58: 45960.417 | O58: 45982.458 | P58: 45989.458 | Q58: 45996.417 | R58: 46010.417 | S58: 46021.375 | T58: 46038.458 | U58: 46083.458 | V58: =MAX(F58:U58) -> 46083.458
A59: 247390 | B59: =IFERROR(VLOOKUP(A59&"", STUDENTS!A:B, 2, 0), "") -> ĐOÀN KHÁNH NGUYÊN | C59: EL007 | D59: =IFERROR(VLOOKUP(C59, PIC!A:B, 2, 0), "") -> Nhat Nguyen | E59: Communication 2 | F59: 45841.583 | G59: 45853.417 | H59: 45882.625 | I59: 45889.625 | J59: 45917.625 | K59: 45924.625 | L59: 45931.625 | M59: 45953.417 | N59: 45960.417 | O59: 45982.458 | P59: 45989.458 | Q59: A | R59: A | S59: A | T59: A | V59: =MAX(F59:U59) -> 45989.458
A60: 247190 | B60: =IFERROR(VLOOKUP(A60&"", STUDENTS!A:B, 2, 0), "") -> HUỲNH NGUYÊN KHANG | C60: EL007 | D60: =IFERROR(VLOOKUP(C60, PIC!A:B, 2, 0), "") -> Nhat Nguyen | E60: Communication 1 | F60: 45702.458 | G60: 45709.458 | H60: 45716.458 | I60: 45765.458 | J60: 45770.458 | K60: 45785.458 | L60: 45792.458 | M60: 45800.458 | N60: 45806.542 | O60: 45813.417 | P60: 45820.417 | Q60: 45841.417 | V60: =MAX(F60:U60) -> 45841.417
A61: 247190 | B61: =IFERROR(VLOOKUP(A61&"", STUDENTS!A:B, 2, 0), "") -> HUỲNH NGUYÊN KHANG | C61: EL007 | D61: =IFERROR(VLOOKUP(C61, PIC!A:B, 2, 0), "") -> Nhat Nguyen | E61: Communication 2 | F61: 45890.417 | G61: 45897.417 | H61: 45904.417 | I61: 45911.417 | J61: 45925.417 | K61: 45939.417 | L61: 45946.417 | M61: 45953.417 | N61: 45960.417 | O61: 45982.458 | P61: A | Q61: A | R61: 46010.417 | S61: 46021.375 | V61: =MAX(F61:U61) -> 46021.375
A62: 247198 | B62: =IFERROR(VLOOKUP(A62&"", STUDENTS!A:B, 2, 0), "") -> NGUYỄN ĐỨC NHẬT | C62: EL007 | D62: =IFERROR(VLOOKUP(C62, PIC!A:B, 2, 0), "") -> Nhat Nguyen | E62: Communication 1 | F62: 45702.458 | G62: 45709.458 | H62: 45716.458 | I62: 45765.458 | J62: 45770.458 | K62: 45785.458 | L62: 45792.458 | M62: 45800.458 | N62: 45806.542 | O62: 45813.417 | P62: 45820.417 | Q62: 45841.417 | V62: =MAX(F62:U62) -> 45841.417
A63: 247198 | B63: =IFERROR(VLOOKUP(A63&"", STUDENTS!A:B, 2, 0), "") -> NGUYỄN ĐỨC NHẬT | C63: EL007 | D63: =IFERROR(VLOOKUP(C63, PIC!A:B, 2, 0), "") -> Nhat Nguyen | E63: Communication 2 | F63: 45890.417 | G63: 45897.417 | H63: 45904.417 | I63: 45911.417 | J63: 45925.417 | K63: 45939.417 | L63: 45946.417 | M63: 45953.417 | N63: 45960.417 | O63: 45982.458 | P63: 45989.458 | Q63: 45996.417 | R63: 46010.417 | S63: 46021.375 | V63: =MAX(F63:U63) -> 46021.375
A64: 203759 | B64: =IFERROR(VLOOKUP(A64&"", STUDENTS!A:B, 2, 0), "") -> PHAN THẾ AN | C64: EL007 | D64: =IFERROR(VLOOKUP(C64, PIC!A:B, 2, 0), "") -> Nhat Nguyen | E64: Communication 1 | F64: 45702.458 | G64: 45709.458 | H64: 45716.458 | I64: 45765.458 | J64: 45770.458 | K64: 45785.458 | L64: 45792.458 | M64: 45800.458 | N64: 45806.542 | O64: 45813.417 | P64: 45820.417 | Q64: 45841.417 | V64: =MAX(F64:U64) -> 45841.417
A65: 203759 | B65: =IFERROR(VLOOKUP(A65&"", STUDENTS!A:B, 2, 0), "") -> PHAN THẾ AN | C65: EL007 | D65: =IFERROR(VLOOKUP(C65, PIC!A:B, 2, 0), "") -> Nhat Nguyen | E65: Communication 2 | F65: 45890.417 | G65: 45897.417 | H65: 45904.417 | I65: 45911.417 | J65: 45925.417 | K65: 45939.417 | L65: 45946.417 | M65: 45953.417 | N65: 45960.417 | O65: 45982.458 | P65: 45989.458 | Q65: 45996.417 | R65: 46010.417 | S65: 46021.375 | T65: 46038.458 | U65: 46083.458 | V65: =MAX(F65:U65) -> 46083.458
A66: 247191 | B66: =IFERROR(VLOOKUP(A66&"", STUDENTS!A:B, 2, 0), "") -> TRẦN NGỌC PHƯỚC HOÀNG | C66: EL007 | D66: =IFERROR(VLOOKUP(C66, PIC!A:B, 2, 0), "") -> Nhat Nguyen | E66: Communication 1 | F66: 45702.458 | G66: 45709.458 | H66: 45716.458 | I66: 45765.458 | J66: 45770.458 | K66: 45785.458 | L66: 45792.458 | M66: 45800.458 | N66: 45806.542 | O66: 45813.417 | P66: 45820.417 | Q66: 45841.417 | V66: =MAX(F66:U66) -> 45841.417
A67: 247191 | B67: =IFERROR(VLOOKUP(A67&"", STUDENTS!A:B, 2, 0), "") -> TRẦN NGỌC PHƯỚC HOÀNG | C67: EL007 | D67: =IFERROR(VLOOKUP(C67, PIC!A:B, 2, 0), "") -> Nhat Nguyen | E67: Communication 2 | F67: 45890.417 | G67: 45897.417 | H67: 45904.417 | I67: 45911.417 | J67: 45925.417 | K67: 45939.417 | L67: 45946.417 | M67: 45953.417 | N67: 45960.417 | O67: A | P67: 45989.458 | Q67: 45996.417 | R67: 46010.417 | S67: 46021.375 | V67: =MAX(F67:U67) -> 46021.375
A68: 247388 | B68: =IFERROR(VLOOKUP(A68&"", STUDENTS!A:B, 2, 0), "") -> TRANG KỲ ANH | C68: EL007 | D68: =IFERROR(VLOOKUP(C68, PIC!A:B, 2, 0), "") -> Nhat Nguyen | E68: Communication 1 | F68: 45702.458 | G68: 45709.458 | H68: 45716.458 | I68: 45765.458 | J68: 45770.458 | K68: 45785.458 | L68: 45792.458 | M68: A | N68: 45806.542 | O68: 45813.417 | P68: 45820.417 | Q68: 45841.417 | V68: =MAX(F68:U68) -> 45841.417
A69: 213891 | B69: =IFERROR(VLOOKUP(A69&"", STUDENTS!A:B, 2, 0), "") -> VÕ DUY KIỆT | C69: EL007 | D69: =IFERROR(VLOOKUP(C69, PIC!A:B, 2, 0), "") -> Nhat Nguyen | E69: Communication 2 | F69: 45841.583 | G69: 45853.417 | H69: 45882.625 | I69: 45889.625 | J69: 45917.625 | K69: 45924.625 | L69: 45931.625 | M69: A | N69: 45960.417 | O69: 45982.458 | P69: A | Q69: 45996.417 | R69: A | S69: A | T69: A | V69: =MAX(F69:U69) -> 45996.417
A70: 237117 | B70: =IFERROR(VLOOKUP(A70&"", STUDENTS!A:B, 2, 0), "") -> HUỲNH TẤN PHÁT | C70: EL008 | D70: =IFERROR(VLOOKUP(C70, PIC!A:B, 2, 0), "") -> Hung Nguyen | E70: Business English | V70: =MAX(F70:U70) -> 0
A71: 237117 | B71: =IFERROR(VLOOKUP(A71&"", STUDENTS!A:B, 2, 0), "") -> HUỲNH TẤN PHÁT | C71: EL008 | D71: =IFERROR(VLOOKUP(C71, PIC!A:B, 2, 0), "") -> Hung Nguyen | E71: Communication 1 | F71: 45772.583 | G71: 45786.583 | H71: A | I71: 45849.458 | J71: 45849.458 | K71: 45862.625 | L71: 45869.417 | M71: 45890.583 | N71: 45897.542 | O71: 45918.417 | V71: =MAX(F71:U71) -> 45918.417
A72: 237117 | B72: =IFERROR(VLOOKUP(A72&"", STUDENTS!A:B, 2, 0), "") -> HUỲNH TẤN PHÁT | C72: EL008 | D72: =IFERROR(VLOOKUP(C72, PIC!A:B, 2, 0), "") -> Hung Nguyen | E72: Communication 2 | F72: 45946.458 | G72: 45953.458 | H72: 45960.458 | I72: 45961.625 | J72: 45974.417 | K72: 45981.417 | L72: 45988.417 | M72: 45995.417 | N72: 46002.625 | O72: 46010.625 | P72: 46017.583 | Q72: 46038.583 | R72: 46044.417 | S72: 46051.625 | T72: 46052.625 | U72: 46104.417 | V72: =MAX(F72:U72) -> 46104.417
A73: 203780 | B73: =IFERROR(VLOOKUP(A73&"", STUDENTS!A:B, 2, 0), "") -> LÊ HOÀNG NGUYỄN | C73: EL008 | D73: =IFERROR(VLOOKUP(C73, PIC!A:B, 2, 0), "") -> Hung Nguyen | E73: Business English | V73: =MAX(F73:U73) -> 0
A74: 203780 | B74: =IFERROR(VLOOKUP(A74&"", STUDENTS!A:B, 2, 0), "") -> LÊ HOÀNG NGUYỄN | C74: EL008 | D74: =IFERROR(VLOOKUP(C74, PIC!A:B, 2, 0), "") -> Hung Nguyen | E74: Communication 1 | F74: 45772.583 | G74: 45786.583 | H74: 45841.542 | I74: 45849.458 | J74: 45849.458 | K74: 45862.625 | L74: 45869.417 | M74: 45890.583 | N74: 45897.542 | O74: 45918.417 | V74: =MAX(F74:U74) -> 45918.417
A75: 203780 | B75: =IFERROR(VLOOKUP(A75&"", STUDENTS!A:B, 2, 0), "") -> LÊ HOÀNG NGUYỄN | C75: EL008 | D75: =IFERROR(VLOOKUP(C75, PIC!A:B, 2, 0), "") -> Hung Nguyen | E75: Communication 2 | F75: 45946.458 | G75: 45953.458 | H75: 45960.458 | I75: 45961.625 | J75: 45974.417 | K75: 45981.417 | L75: 45988.417 | M75: 45995.417 | N75: 46002.625 | O75: 46010.625 | P75: 46017.583 | Q75: 46038.583 | R75: 46044.417 | S75: 46051.625 | T75: 46052.625 | U75: 46104.417 | V75: =MAX(F75:U75) -> 46104.417
A76: 247313 | B76: =IFERROR(VLOOKUP(A76&"", STUDENTS!A:B, 2, 0), "") -> Nguyễn Hồng Mỹ | C76: EL008 | D76: =IFERROR(VLOOKUP(C76, PIC!A:B, 2, 0), "") -> Hung Nguyen | E76: Business English | V76: =MAX(F76:U76) -> 0
A77: 193523 | B77: =IFERROR(VLOOKUP(A77&"", STUDENTS!A:B, 2, 0), "") -> PHẠM HỮU TUẤN | C77: EL008 | D77: =IFERROR(VLOOKUP(C77, PIC!A:B, 2, 0), "") -> Hung Nguyen | E77: Business English | V77: =MAX(F77:U77) -> 0
A78: 193523 | B78: =IFERROR(VLOOKUP(A78&"", STUDENTS!A:B, 2, 0), "") -> PHẠM HỮU TUẤN | C78: EL008 | D78: =IFERROR(VLOOKUP(C78, PIC!A:B, 2, 0), "") -> Hung Nguyen | E78: Communication 1 | F78: 45772.583 | G78: 45786.583 | H78: 45841.542 | I78: 45849.458 | J78: 45849.458 | K78: 45862.625 | L78: 45869.417 | M78: A | N78: 45897.542 | O78: 45918.417 | V78: =MAX(F78:U78) -> 45918.417
A79: 193523 | B79: =IFERROR(VLOOKUP(A79&"", STUDENTS!A:B, 2, 0), "") -> PHẠM HỮU TUẤN | C79: EL008 | D79: =IFERROR(VLOOKUP(C79, PIC!A:B, 2, 0), "") -> Hung Nguyen | E79: Communication 2 | F79: 45946.458 | G79: 45953.458 | H79: 45960.458 | I79: 45961.625 | J79: 45974.417 | K79: 45981.417 | M79: 45995.417 | N79: 46002.625 | O79: 46010.625 | P79: 46017.583 | Q79: A | R79: 46044.417 | S79: 46051.625 | T79: 46052.625 | U79: 46104.417 | V79: =MAX(F79:U79) -> 46104.417
A80: 193526 | B80: =IFERROR(VLOOKUP(A80&"", STUDENTS!A:B, 2, 0), "") -> TRẦN ĐÌNH CHIẾN | C80: EL008 | D80: =IFERROR(VLOOKUP(C80, PIC!A:B, 2, 0), "") -> Hung Nguyen | E80: Business English | V80: =MAX(F80:U80) -> 0
A81: 193526 | B81: =IFERROR(VLOOKUP(A81&"", STUDENTS!A:B, 2, 0), "") -> TRẦN ĐÌNH CHIẾN | C81: EL008 | D81: =IFERROR(VLOOKUP(C81, PIC!A:B, 2, 0), "") -> Hung Nguyen | E81: Communication 1 | F81: 45772.583 | G81: 45786.583 | H81: 45841.542 | I81: 45849.458 | J81: 45855.542 | K81: 45862.625 | L81: 45869.417 | M81: 45890.583 | N81: 45897.542 | O81: 45918.417 | V81: =MAX(F81:U81) -> 45918.417
A82: 193526 | B82: =IFERROR(VLOOKUP(A82&"", STUDENTS!A:B, 2, 0), "") -> TRẦN ĐÌNH CHIẾN | C82: EL008 | D82: =IFERROR(VLOOKUP(C82, PIC!A:B, 2, 0), "") -> Hung Nguyen | E82: Communication 2 | F82: 45946.458 | G82: 45953.458 | H82: 45960.458 | I82: 45961.625 | J82: 45974.417 | K82: 45981.417 | L82: 45988.417 | M82: 45995.417 | N82: 46002.625 | O82: 46010.625 | P82: 46017.583 | Q82: 46038.583 | R82: 46044.417 | S82: 46051.625 | T82: 46052.625 | U82: 46104.417 | V82: =MAX(F82:U82) -> 46104.417
A83: 237161 | B83: =IFERROR(VLOOKUP(A83&"", STUDENTS!A:B, 2, 0), "") -> TRẦN VĂN HÀ | C83: EL008 | D83: =IFERROR(VLOOKUP(C83, PIC!A:B, 2, 0), "") -> Hung Nguyen | E83: Business English | V83: =MAX(F83:U83) -> 0
A84: 237161 | B84: =IFERROR(VLOOKUP(A84&"", STUDENTS!A:B, 2, 0), "") -> TRẦN VĂN HÀ | C84: EL008 | D84: =IFERROR(VLOOKUP(C84, PIC!A:B, 2, 0), "") -> Hung Nguyen | E84: Communication 1 | F84: 45772.583 | G84: 45786.583 | H84: 45841.542 | I84: 45849.458 | J84: 45849.458 | K84: 45862.625 | L84: 45869.417 | M84: 45890.583 | N84: 45897.542 | O84: 45918.417 | V84: =MAX(F84:U84) -> 45918.417
A85: 237161 | B85: =IFERROR(VLOOKUP(A85&"", STUDENTS!A:B, 2, 0), "") -> TRẦN VĂN HÀ | C85: EL008 | D85: =IFERROR(VLOOKUP(C85, PIC!A:B, 2, 0), "") -> Hung Nguyen | E85: Communication 2 | F85: 45946.458 | G85: 45953.458 | H85: 45960.458 | I85: 45961.625 | J85: 45974.417 | K85: 45981.417 | L85: 45988.417 | M85: 45995.417 | N85: 46002.625 | O85: 46010.625 | P85: 46017.583 | Q85: 46038.583 | R85: 46044.417 | S85: 46051.625 | T85: 46052.625 | U85: 46104.417 | V85: =MAX(F85:U85) -> 46104.417
A86: 173272 | B86: =IFERROR(VLOOKUP(A86&"", STUDENTS!A:B, 2, 0), "") -> ĐÀO SỸ THỜI | C86: EL009 | D86: =IFERROR(VLOOKUP(C86, PIC!A:B, 2, 0), "") -> Huong Le | E86: Communication 1 | F86: 45663.583 | G86: A | H86: 45716.583 | I86: 45762.583 | J86: 45768.583 | K86: A | L86: 45806.583 | M86: 45810.542 | N86: 45824.583 | O86: 45852.542 | V86: =MAX(F86:U86) -> 45852.542
A87: 237008 | B87: =IFERROR(VLOOKUP(A87&"", STUDENTS!A:B, 2, 0), "") -> LẠC MINH HOÀNG | C87: EL009 | D87: =IFERROR(VLOOKUP(C87, PIC!A:B, 2, 0), "") -> Huong Le | E87: Communication 2 | F87: 45915.542 | G87: 45922.583 | H87: 45929.542 | I87: 45943.542 | J87: 45950.583 | K87: 45957.542 | L87: 45972.583 | M87: 45980.583 | N87: 45981.583 | O87: 45996.583 | P87: A | Q87: 46008.583 | R87: A | S87: 46021.542 | T87: 46041.542 | U87: 46115.542 | V87: =MAX(F87:U87) -> 46115.542
A88: 227160 | B88: =IFERROR(VLOOKUP(A88&"", STUDENTS!A:B, 2, 0), "") -> LÊ THỊ LAN HƯƠNG | C88: EL009 | D88: =IFERROR(VLOOKUP(C88, PIC!A:B, 2, 0), "") -> Huong Le | E88: Communication 2 | F88: 45915.542 | G88: A | H88: 45929.542 | I88: A | J88: 45950.583 | K88: 45957.542 | L88: 45972.583 | M88: 45980.583 | N88: 45981.583 | O88: 45996.583 | P88: 46006.583 | Q88: 46008.583 | R88: 46017.542 | S88: 46021.542 | T88: 46041.542 | U88: 46115.542 | V88: =MAX(F88:U88) -> 46115.542
A89: 237206 | B89: =IFERROR(VLOOKUP(A89&"", STUDENTS!A:B, 2, 0), "") -> LƯƠNG TRÀ VY | C89: EL009 | D89: =IFERROR(VLOOKUP(C89, PIC!A:B, 2, 0), "") -> Huong Le | E89: Communication 1 | F89: 45663.583 | G89: 45698.583 | H89: 45716.583 | I89: 45762.583 | J89: 45768.583 | K89: A | L89: 45806.583 | M89: 45810.542 | N89: 45824.583 | O89: 45852.542 | V89: =MAX(F89:U89) -> 45852.542
A90: 237206 | B90: =IFERROR(VLOOKUP(A90&"", STUDENTS!A:B, 2, 0), "") -> LƯƠNG TRÀ VY | C90: EL009 | D90: =IFERROR(VLOOKUP(C90, PIC!A:B, 2, 0), "") -> Huong Le | E90: Communication 2 | F90: 45915.542 | G90: 45922.583 | H90: 45929.542 | I90: 45943.542 | J90: 45950.583 | K90: A | L90: A | M90: 45980.583 | N90: 45981.583 | O90: 45996.583 | P90: 46006.583 | Q90: 46008.583 | R90: 46017.542 | S90: 46021.542 | T90: 46041.542 | U90: 46115.542 | V90: =MAX(F90:U90) -> 46115.542
A91: 193447 | B91: =IFERROR(VLOOKUP(A91&"", STUDENTS!A:B, 2, 0), "") -> NGUYỄN ANH ĐỨC | C91: EL009 | D91: =IFERROR(VLOOKUP(C91, PIC!A:B, 2, 0), "") -> Huong Le | E91: Communication 2 | F91: 45915.542 | G91: 45922.583 | H91: 45929.542 | I91: 45943.542 | J91: 45950.583 | K91: 45957.542 | L91: A | M91: 45980.583 | N91: 45981.583 | O91: 45996.583 | P91: 46006.583 | Q91: 46008.583 | R91: 46017.542 | S91: 46021.542 | T91: 46041.542 | U91: 46115.542 | V91: =MAX(F91:U91) -> 46115.542
A92: 247187 | B92: =IFERROR(VLOOKUP(A92&"", STUDENTS!A:B, 2, 0), "") -> NGUYỄN MINH THƯ | C92: EL009 | D92: =IFERROR(VLOOKUP(C92, PIC!A:B, 2, 0), "") -> Huong Le | E92: Communication 2 | F92: 45915.542 | G92: A | H92: A | I92: 45943.542 | J92: 45950.583 | K92: 45957.542 | L92: A | M92: 45980.583 | N92: 45981.583 | O92: 45996.583 | P92: 46006.583 | Q92: 46008.583 | R92: 46017.542 | S92: 46021.542 | T92: 46041.542 | U92: 46115.542 | V92: =MAX(F92:U92) -> 46115.542
A93: 203790 | B93: =IFERROR(VLOOKUP(A93&"", STUDENTS!A:B, 2, 0), "") -> NGUYỄN QUANG TRUNG | C93: EL009 | D93: =IFERROR(VLOOKUP(C93, PIC!A:B, 2, 0), "") -> Huong Le | E93: Communication 1 | F93: 45663.583 | G93: 45698.583 | H93: 45716.583 | I93: 45762.583 | J93: 45768.583 | K93: 45782.542 | L93: 45806.583 | M93: 45810.542 | N93: 45824.583 | O93: 45852.542 | V93: =MAX(F93:U93) -> 45852.542
A94: 237158 | B94: =IFERROR(VLOOKUP(A94&"", STUDENTS!A:B, 2, 0), "") -> NGUYỄN THÀNH PHI | C94: EL009 | D94: =IFERROR(VLOOKUP(C94, PIC!A:B, 2, 0), "") -> Huong Le | E94: Communication 1 | F94: A | G94: 45698.583 | H94: 45716.583 | I94: 45762.583 | J94: 45768.583 | K94: 45782.542 | L94: 45806.583 | M94: 45810.542 | N94: 45824.583 | O94: 45852.542 | V94: =MAX(F94:U94) -> 45852.542
A95: 237158 | B95: =IFERROR(VLOOKUP(A95&"", STUDENTS!A:B, 2, 0), "") -> NGUYỄN THÀNH PHI | C95: EL009 | D95: =IFERROR(VLOOKUP(C95, PIC!A:B, 2, 0), "") -> Huong Le | E95: Communication 2 | F95: A | G95: 45922.583 | H95: 45929.542 | I95: A | J95: 45950.583 | K95: 45957.542 | L95: A | M95: 45980.583 | N95: 45981.583 | O95: 45996.583 | P95: 46006.583 | Q95: 46008.583 | R95: 46017.542 | S95: A | T95: 46041.542 | U95: 46115.542 | V95: =MAX(F95:U95) -> 46115.542
A96: 247043 | B96: =IFERROR(VLOOKUP(A96&"", STUDENTS!A:B, 2, 0), "") -> NGUYỄN THỊ HỒNG ĐÀO | C96: EL009 | D96: =IFERROR(VLOOKUP(C96, PIC!A:B, 2, 0), "") -> Huong Le | E96: Communication 1 | F96: 45663.583 | G96: A | H96: 45716.583 | I96: A | J96: 45768.583 | K96: 45782.542 | L96: 45806.583 | M96: 45810.542 | N96: 45824.583 | O96: 45852.542 | V96: =MAX(F96:U96) -> 45852.542
